CAS,Compound,MW,logP,Fup,Clint,Clint_final,Clint_source
2971-36-0,"2,2-bis(4-hydroxyphenyl)-1,1,1-trichloroethane (hpte)",317.6,4.622,0.005,136.5,136.5,httk_measured
71751-41-2,Abamectin,819.0,4.48,0.06687,5.24,5.24,httk_measured
34256-82-1,Acetochlor,269.8,3.032,0.1598,84.71,84.71,httk_measured
15972-60-8,Alachlor,269.8,3.518,0.1332,62.9,62.9,httk_measured
834-12-8,Ametryn,227.3,2.979,0.003952,14.7,14.7,httk_measured
33089-61-1,Amitraz,293.4,5.495,1e-06,33.3,33.3,httk_measured
101-05-3,Anilazine,275.5,3.878,0.005,22.5,22.5,httk_measured
86-50-0,Azinphos-methyl,317.3,2.749,0.2137,32.63,32.63,httk_measured
131860-33-8,Azoxystrobin,403.4,2.503,0.04763,32.39,32.39,httk_measured
22781-23-3,Bendiocarb,223.2,1.702,0.1971,21.66,21.66,httk_measured
83055-99-6,Bensulfuron-methyl,410.4,2.289,0.00905,1.65,1.65,httk_measured
741-58-2,Bensulide,397.5,4.209,0.006078,250.3,250.3,httk_measured
149877-41-8,Bifenazate,300.4,3.165,0.836,41.15,41.15,httk_measured
80-05-7,Bisphenol-a,228.3,3.32,0.0385,19.9,19.9,httk_measured
188425-85-6,Boscalid,343.2,2.961,0.03201,17.28,17.28,httk_measured
1689-84-5,Bromoxynil,276.9,2.625,0.5001,7.866,7.866,httk_measured
69327-76-0,Buprofezin,305.4,4.299,0.0003605,18.47,18.47,httk_measured
23184-66-9,Butachlor,311.8,4.497,0.005,100.8,100.8,httk_measured
33629-47-9,Butralin,295.3,4.929,0.005,31.35,31.35,httk_measured
2008-41-5,Butylate,217.4,4.149,0.005,52.51,52.51,httk_measured
63-25-2,Carbaryl,201.2,2.358,0.6922,27.27,27.27,httk_measured
5234-68-4,Carboxin,235.3,2.14,0.175,24.41,24.41,httk_measured
54593-83-8,Chlorethoxyfos,336.0,4.588,0.00394,617.0,617.0,httk_measured
101-21-3,Chlorpropham,213.7,3.507,0.0833,78.1,78.1,httk_measured
5598-13-0,Chlorpyrifos-methyl,322.5,4.31,0.005,24.1,24.1,httk_measured
87818-31-3,Cinmethylin,274.4,4.62,0.005,28.17,28.17,httk_measured
81777-89-1,Clomazone,239.7,2.498,0.1734,3.038,3.038,httk_measured
210880-92-5,Clothianidin,249.7,0.7017,0.5059,10.73,10.73,httk_measured
56-72-4,Coumaphos,362.8,4.128,1e-06,31.7,31.7,httk_measured
1134-23-2,Cycloate,215.4,3.924,0.005,34.48,34.48,httk_measured
94361-06-5,Cyproconazole,291.8,2.902,0.1086,1.538,1.538,httk_measured
121552-61-2,Cyprodinil,225.3,3.998,0.002141,37.77,37.77,httk_measured
533-74-4,Dazomet,162.3,0.6304,0.8914,12.42,12.42,httk_measured
333-41-5,Diazinon,304.3,3.809,0.0388,30.5,30.5,httk_measured
962-58-3,Diazoxon,288.3,2.072,0.3269,34.62,34.62,httk_measured
145701-21-9,Diclosulam,406.2,2.52,0.00648,3.442,3.442,httk_measured
115-32-2,Dicofol,370.5,5.024,1e-06,27.8,27.8,httk_measured
134-62-3,Diethyltoluamide,191.3,2.184,0.3559,3.797,3.797,httk_measured
119446-68-3,Difenoconazole,406.3,4.297,0.0115,30.6,30.6,httk_measured
87674-68-8,Dimethenamid,275.8,2.15,0.2318,19.92,19.92,httk_measured
60-51-5,Dimethoate,229.2,0.7805,0.9649,3.682,3.682,httk_measured
110488-70-5,Dimethomorph,387.9,2.68,0.09428,20.3,20.3,httk_measured
122-39-4,Diphenylamine,169.2,3.499,0.003875,64.57,64.57,httk_measured
97886-45-8,Dithiopyr,401.4,4.749,0.005,13.25,13.25,httk_measured
330-54-1,Diuron,233.1,2.678,0.1615,12.15,12.15,httk_measured
759-94-4,Eptc,189.3,3.21,0.005,80.36,80.36,httk_measured
26225-79-6,Ethofumesate,286.3,2.703,0.1313,17.64,17.64,httk_measured
13194-48-4,Ethoprop,242.3,3.588,0.09346,20.95,20.95,httk_measured
153233-91-1,Etoxazole,359.4,3.762,0.005,18.48,18.48,httk_measured
2593-15-9,Etridiazole,247.5,3.368,0.005,127.0,127.0,httk_measured
161326-34-7,Fenamidone,311.4,2.747,0.02436,17.74,17.74,httk_measured
22224-92-6,Fenamiphos,303.4,3.23,0.04138,62.11,62.11,httk_measured
60168-88-9,Fenarimol,331.2,3.59,0.03671,3.788,3.788,httk_measured
114369-43-6,Fenbuconazole,336.8,3.229,0.0188,21.7,21.7,httk_measured
126833-17-8,Fenhexamid,302.2,3.513,0.05719,35.27,35.27,httk_measured
122-14-5,Fenitrothion,277.2,3.301,0.005,10.02,10.02,httk_measured
72490-01-8,Fenoxycarb,301.3,4.297,0.00327,23.1,23.1,httk_measured
55-38-9,Fenthion,278.3,4.09,0.02203,87.2,87.2,httk_measured
79241-46-6,Fluazifop-p-butyl,383.4,4.5,0.005,234.4,234.4,httk_measured
79622-59-6,Fluazinam,465.1,4.01,0.004357,24.76,24.76,httk_measured
131341-86-1,Fludioxonil,248.2,4.116,0.003583,37.05,37.05,httk_measured
142459-58-3,Flufenacet,363.3,3.2,0.1375,29.0,29.0,httk_measured
98967-40-9,Flumetsulam,325.3,1.61,0.01727,7.521,7.521,httk_measured
103361-09-7,Flumioxazin,354.3,2.549,0.02807,8.336,8.336,httk_measured
2164-17-2,Fluometuron,232.2,2.421,0.2589,10.06,10.06,httk_measured
361377-29-9,Fluoxastrobin,458.8,4.011,0.0362,16.35,16.35,httk_measured
69377-81-7,Fluroxypyr,255.0,1.677,0.09194,1.791,1.791,httk_measured
85509-19-9,Flusilazole,315.4,3.701,0.02893,6.959,6.959,httk_measured
66332-96-5,Flutolanil,323.3,3.702,0.01882,14.17,14.17,httk_measured
68157-60-8,Forchlorfenuron,247.7,3.199,0.02755,26.87,26.87,httk_measured
23422-53-9,Formetanate hydrochloride,257.7,-0.4626,0.8853,13.72,13.72,httk_measured
79983-71-4,Hexaconazole,314.2,3.899,0.041,16.22,16.22,httk_measured
51235-04-2,Hexazinone,252.3,1.849,0.613,6.361,6.361,httk_measured
78587-05-0,Hexythiazox,352.9,2.905,0.005,110.4,110.4,httk_measured
119515-38-7,Icaridin,229.3,2.534,0.2842,12.56,12.56,httk_measured
81335-37-7,Imazaquin,311.3,1.861,0.1513,2.457,2.457,httk_measured
81335-77-5,Imazethapyr,289.3,1.446,0.2895,2.351,2.351,httk_measured
138261-41-3,Imidacloprid,255.7,0.5735,0.6559,2.807,2.807,httk_measured
173584-44-6,Indoxacarb,527.8,4.647,0.005,31.36,31.36,httk_measured
144550-36-7,Iodosulfuron-methyl-sodium,529.2,1.881,0.006681,5.691,5.691,httk_measured
36734-19-7,Iprodione,330.2,2.998,0.005,11.7,11.7,httk_measured
42509-80-8,Isazofos,313.7,3.819,0.06539,19.53,19.53,httk_measured
82558-50-7,Isoxaben,332.4,3.94,0.0718,17.7,17.7,httk_measured
141112-29-0,Isoxaflutole,359.3,2.322,0.01655,20.42,20.42,httk_measured
330-55-2,Linuron,249.1,3.198,0.1051,33.05,33.05,httk_measured
121-75-5,Malathion,330.4,2.359,0.145,368.0,368.0,httk_measured
208465-21-8,Mesosulfuron-methyl,503.5,1.014,0.005,5.452,5.452,httk_measured
950-37-8,Methidathion,302.3,2.199,0.2685,3.924,3.924,httk_measured
72-43-5,Methoxychlor,345.6,5.08,0.0171,12.5,12.5,httk_measured
161050-58-4,Methoxyfenozide,368.5,3.699,0.06119,16.2,16.2,httk_measured
298-00-0,Methyl parathion,263.2,2.862,0.02832,14.19,14.19,httk_measured
51218-45-2,Metolachlor,283.8,3.131,0.1773,35.37,35.37,httk_measured
21087-64-9,Metribuzin,214.3,1.7,0.4787,1.067,1.067,httk_measured
74223-64-6,Metsulfuron-methyl,381.4,2.199,0.08599,2.319,2.319,httk_measured
7786-34-7,Mevinphos,224.1,0.1298,0.674,4.7,4.7,httk_measured
88671-89-0,Myclobutanil,288.8,2.94,0.08429,16.4,16.4,httk_measured
15299-99-7,Napropamide,271.4,3.358,0.005,15.15,15.15,httk_measured
50-65-7,Niclosamide,327.1,3.748,0.005,12.0,12.0,httk_measured
27314-13-2,Norflurazon,303.7,2.378,0.1841,11.09,11.09,httk_measured
19044-88-3,Oryzalin,346.4,3.725,0.004802,20.2,20.2,httk_measured
144651-06-9,Oxasulfuron,406.4,1.101,0.06084,3.107,3.107,httk_measured
76738-62-0,Paclobutrazol,293.8,3.202,0.1538,7.14,7.14,httk_measured
56-38-2,Parathion,291.3,3.83,0.04,6.65,6.65,httk_measured
40487-42-1,Pendimethalin,281.3,5.198,0.005,7.214,7.214,httk_measured
52645-53-1,Permethrin,391.3,6.499,1e-06,68.4,68.4,httk_measured
2310-17-0,Phosalone,367.8,4.38,0.00608,25.1,25.1,httk_measured
51-03-6,Piperonyl butoxide,338.4,4.745,0.005,76.01,76.01,httk_measured
23103-98-2,Pirimicarb,238.3,1.698,0.1633,22.53,22.53,httk_measured
29232-93-7,Pirimiphos-methyl,305.3,4.197,0.0134,49.7,49.7,httk_measured
67747-09-5,Prochloraz,376.7,4.098,0.02237,16.4,16.4,httk_measured
29091-21-2,Prodiamine,350.3,4.102,0.005,7.216,7.216,httk_measured
1610-18-0,Prometon,225.3,2.991,0.0289,8.17,8.17,httk_measured
7287-19-6,Prometryn,241.4,3.511,0.005,35.78,35.78,httk_measured
25606-41-1,Propamocarb hydrochloride,224.7,0.02809,0.8435,5.815,5.815,httk_measured
709-98-8,Propanil,218.1,3.071,0.0713,11.3,11.3,httk_measured
139-40-2,Propazine,229.7,2.931,0.03651,14.6,14.6,httk_measured
31218-83-4,Propetamphos,281.3,3.816,0.009787,16.24,16.24,httk_measured
114-26-1,Propoxur,209.2,1.524,0.2159,6.899,6.899,httk_measured
23950-58-5,Propyzamide,256.1,3.429,0.06756,5.4,5.4,httk_measured
94125-34-5,Prosulfuron,419.4,1.891,0.005,10.37,10.37,httk_measured
123312-89-0,Pymetrozine,217.2,-0.1774,0.9946,8.611,8.611,httk_measured
175013-18-0,Pyraclostrobin,387.8,3.99,0.001584,53.93,53.93,httk_measured
96489-71-3,Pyridaben,364.9,6.367,0.005,63.93,63.93,httk_measured
53112-28-0,Pyrimethanil,199.3,2.841,0.01673,43.89,43.89,httk_measured
95737-68-1,Pyriproxyfen,321.4,4.199,0.000907,16.86,16.86,httk_measured
83-79-4,Rotenone,394.4,4.098,0.003404,28.31,28.31,httk_measured
28434-00-6,s-bioallethrin,302.4,4.78,1e-06,45.9,45.9,httk_measured
74051-80-2,Sethoxydim,327.5,4.38,0.05472,11.87,11.87,httk_measured
122-34-9,Simazine,201.7,2.18,0.2845,6.326,6.326,httk_measured
118134-30-8,Spiroxamine,297.5,4.616,0.005446,3.353,3.353,httk_measured
122836-35-5,Sulfentrazone,387.2,0.9936,0.9933,5.715,5.715,httk_measured
112410-23-8,Tebufenozide,352.5,4.247,0.03378,22.4,22.4,httk_measured
119168-77-3,Tebufenpyrad,333.9,4.61,0.005,15.94,15.94,httk_measured
96182-53-5,Tebupirimfos,318.4,3.543,0.005,22.64,22.64,httk_measured
34014-18-1,Tebuthiuron,228.3,1.788,0.4172,5.282,5.282,httk_measured
79538-32-2,Tefluthrin,418.7,2.396,0.005,24.81,24.81,httk_measured
149979-41-9,Tepraloxydim,341.8,3.688,0.3834,3.349,3.349,httk_measured
5902-51-2,Terbacil,216.7,1.89,0.1029,2.272,2.272,httk_measured
7696-12-0,Tetramethrin,331.4,4.727,0.005,37.6,37.6,httk_measured
111988-49-9,Thiacloprid,252.7,0.9225,0.2857,2.574,2.574,httk_measured
117718-60-2,Thiazopyr,396.4,3.889,0.01139,41.5,41.5,httk_measured
28249-77-6,Thiobencarb,257.8,3.4,1e-06,233.0,233.0,httk_measured
23564-05-8,Thiophanate-methyl,342.4,1.4,0.427,2.469,2.469,httk_measured
43121-43-3,Triadimefon,293.8,2.771,0.1142,14.59,14.59,httk_measured
82097-50-5,Triasulfuron,401.8,1.102,0.02305,14.58,14.58,httk_measured
78-48-8,Tribufos,314.5,5.7,0.06651,125.1,125.1,httk_measured
3380-34-5,Triclosan,289.5,4.762,0.00428,27.8,27.8,httk_measured
68694-11-1,Triflumizole,345.8,1.404,0.00839,19.6,19.6,httk_measured
126535-15-7,Triflusulfuron-methyl,492.4,3.557,0.3292,14.47,14.47,httk_measured
131983-72-7,Triticonazole,317.8,3.293,0.1373,6.118,6.118,httk_measured
50471-44-8,Vinclozolin,286.1,3.102,0.5936,18.34,18.34,httk_measured
101-54-2,"""n-phenyl-1,4-benzenediamine""",184.2,2.657,0.1434,15.59,15.59,httk_measured
101-61-1,"""4,4'-methylenebis(n,n-dimethylaniline)""",254.4,3.803,0.001109,18.85,18.85,httk_measured
101-86-0,2-benzylideneoctanal,216.3,4.339,0.009805,14.36,14.36,httk_measured
102-27-2,N-ethyl-3-methylaniline,135.2,2.42,0.1414,13.12,13.12,httk_measured
103-23-1,Di(2-ethylhexyl)adipate,370.6,6.851,0.03861,13.56,13.56,httk_measured
103-24-2,Azelaic acid di(2-ethylhexyl) ester,412.7,8.993,0.03126,3.152,3.152,httk_measured
103-90-2,Acetaminophen,151.2,0.4621,0.9398,0.3598,0.3598,httk_measured
104-67-6,5-heptyldihydro-2(3h)-furanone,184.3,3.445,0.069,9.47,9.47,httk_measured
105-99-7,Dibutyl hexanedioate,258.4,3.927,0.5872,14.03,14.03,httk_measured
10605-21-7,Methyl 1h-benzimidazol-2-ylcarbamate,191.2,1.519,0.4872,24.0,24.0,httk_measured
106-44-5,4-methylphenol,108.1,1.94,0.3259,39.66,39.66,httk_measured
106-65-0,Dimethyl succinate,146.1,0.3505,0.9999,364.4,364.4,httk_measured
107534-96-3,Tebuconazole,307.8,3.7,0.06601,5.278,5.278,httk_measured
108-46-3,Resorcinol,110.1,0.8006,0.7448,14.48,14.48,httk_measured
108-95-2,Phenol,94.11,1.462,0.6201,5.496,5.496,httk_measured
111-21-7,Triethylene glycol diacetate,234.2,0.5404,0.895,206.0,206.0,httk_measured
1119-40-0,Dimethyl glutarate,160.2,0.6217,0.6989,46.3,46.3,httk_measured
115-86-6,Triphenyl phosphate,326.3,4.589,0.002852,26.44,26.44,httk_measured
119-61-9,Benzophenone,182.2,3.181,0.06543,9.134,9.134,httk_measured
120-47-8,Ethylparaben,166.2,2.464,0.1057,57.24,57.24,httk_measured
120-71-8,P-cresidine,137.2,1.737,0.4043,19.53,19.53,httk_measured
121-00-6,2-tert-butyl-4-methoxy-phenol,180.2,3.202,0.07217,7.06,7.06,httk_measured
123122-55-4,Candoxatril,515.6,3.856,0.2659,9.898,9.898,httk_measured
124-94-7,Triamcinolone,394.4,1.16,0.7348,2.492,2.492,httk_measured
127308-82-1,Zamifenacin,415.5,5.742,0.002114,17.11,17.11,httk_measured
129-00-0,Pyrene,202.3,4.883,0.02415,6.18,6.18,httk_measured
13311-84-7,Flutamide,276.2,3.35,0.03758,30.38,30.38,httk_measured
13674-87-8,"""tris(1,3-dichloro-2-propyl) phosphate (tdcpp)""",430.9,3.65,0.01078,5.092,5.092,httk_measured
139290-65-6,Volinanserin,373.5,3.106,0.5097,5.464,5.464,httk_measured
140-66-9,"""4-(1,1,3,3-tetramethylbutyl)phenol""",206.3,4.867,0.01902,26.98,26.98,httk_measured
148-24-3,8-hydroxyquinoline,145.2,2.019,0.1184,69.68,69.68,httk_measured
150-68-5,Monuron,198.6,1.941,0.4551,3.086,3.086,httk_measured
15310-01-7,Benodanil,323.1,2.855,0.07513,21.4,21.4,httk_measured
1806-26-4,4-octylphenol,206.3,5.187,0.005,15.65,15.65,httk_measured
1843-05-6,2-hydroxy-4-(octyloxy)benzophenone,326.4,6.395,1e-06,807.0,807.0,httk_measured
1861-32-1,Chlorthal-dimethyl,332.0,4.278,0.01666,38.62,38.62,httk_measured
1929-77-7,Vernolate,203.3,3.839,0.01906,25.1,25.1,httk_measured
205-99-2,Benzo[b]fluoranthene,252.3,5.779,0.01059,5.564,5.564,httk_measured
206-44-0,Fluoranthene,202.3,5.16,0.01409,8.064,8.064,httk_measured
2104-64-5,O-ethyl o-(p-nitrophenyl) phenylphosphonothioate,323.3,4.776,0.01016,8.16,8.16,httk_measured
24602-86-6,Tridemorph,297.5,5.595,0.002679,12.91,12.91,httk_measured
2634-33-5,"""1,2-benzisothiazolin-3-one""",151.2,0.8033,0.005,34.74,34.74,httk_measured
2921-88-2,Chlorpyrifos,350.6,4.959,0.007932,2.6,2.6,httk_measured
298-46-4,Carbamazepine,236.3,2.449,0.5141,2.375,2.375,httk_measured
30516-87-1,Azidothymidine,267.2,0.04963,0.914,2.414,2.414,httk_measured
3147-75-9,Octrizole,323.4,4.018,0.0223,5.87,5.87,httk_measured
35256-85-0,Butam,233.4,3.001,0.2267,9.846,9.846,httk_measured
446-72-0,Genistein,270.2,2.962,0.02426,18.69,18.69,httk_measured
484-17-3,9-phenanthrol,194.2,3.911,0.005435,20.98,20.98,httk_measured
50-29-3,"""p,p'-ddt""",354.5,6.91,1e-06,12.5,12.5,httk_measured
50892-23-4,Pirinixic acid,323.8,2.067,0.005454,7.51,7.51,httk_measured
51-52-5,6-propyl-2-thiouracil,170.2,-0.3859,0.4736,1.323,1.323,httk_measured
527680-56-4,"""n-[(3r)-1-azabicyclo[2.2.2]oct-3-yl]-2,3-dihydro-1,4-benzodioxine-6-carboxamide""",288.3,1.835,1.0,3.688,3.688,httk_measured
528-29-0,"""1,2-dinitrobenzene""",168.1,1.69,0.06949,24.2,24.2,httk_measured
52-86-8,Haloperidol,375.9,4.288,0.1784,5.062,5.062,httk_measured
53-03-2,Prednisone,358.4,1.466,0.4818,9.09,9.09,httk_measured
548-62-9,Hexamethyl-p-rosaniline chloride,408.0,0.9598,0.01384,8.322,8.322,httk_measured
55285-14-8,Carbosulfan,380.6,4.829,0.005,26.74,26.74,httk_measured
563-12-2,Ethion,384.5,5.066,1e-06,10.41,10.41,httk_measured
56-53-1,Diethylstilbestrol (des),268.4,5.067,0.00935,39.5,39.5,httk_measured
56-55-3,Benz[a]anthracene,228.3,5.602,0.01121,18.27,18.27,httk_measured
57-41-0,Phenytoin,252.3,2.364,0.1624,0.8178,0.8178,httk_measured
576-26-1,"""2,6-dimethylphenol""",122.2,2.36,0.2086,20.52,20.52,httk_measured
57-83-0,Progesterone,314.5,3.871,0.02311,33.7,33.7,httk_measured
579-66-8,"""2,6-diethylaniline""",149.2,2.741,0.08962,16.13,16.13,httk_measured
57-97-6,"""7,12-dimethylbenz(a)anthracene""",256.3,5.8,0.005,3.226,3.226,httk_measured
58-08-2,Caffeine,194.2,-0.07099,1.0,0.2855,0.2855,httk_measured
58-14-0,Pyrimethamine,248.7,2.69,0.1177,2.768,2.768,httk_measured
59756-60-4,Fluridone ,329.3,3.046,0.1378,5.594,5.594,httk_measured
599-79-1,Sulfasalazine,398.4,2.425,0.004,5.16,5.16,httk_measured
60-09-3,4-aminoazobenzene,197.2,3.409,0.0171,15.7,15.7,httk_measured
606-20-2,"""2,6-dinitrotoluene""",182.1,2.098,0.131,34.64,34.64,httk_measured
63-05-8,Androstenedione,286.4,2.752,0.1744,25.92,25.92,httk_measured
6344-67-8,3-hydroxyfluorene,182.2,3.189,0.02488,20.56,20.56,httk_measured
732-11-6,Phosmet,317.3,2.781,0.0477,23.82,23.82,httk_measured
75330-75-5,Lovastatin,404.5,4.258,0.01429,21.9,21.9,httk_measured
77-09-8,Phenolphthalein,318.3,2.89,0.03116,47.4,47.4,httk_measured
77-40-7,Bisphenol b,242.3,3.765,0.01823,35.66,35.66,httk_measured
789-02-6,"""o,p'-ddt""",354.5,6.923,1e-06,15.3,15.3,httk_measured
79902-63-9,Simvastatin,418.6,4.677,0.00398,24.3,24.3,httk_measured
80-46-6,4-(2-methylbutan-2-yl)phenol,164.2,3.491,0.005,20.96,20.96,httk_measured
838-88-0,"""4,4'-methylene bis(2-methylaniline)""",226.3,2.182,0.2257,3.984,3.984,httk_measured
85532-75-8,Pk 11195,352.9,4.793,0.01614,42.12,42.12,httk_measured
86-30-6,N-nitrosodiphenylamine,198.2,3.13,0.04368,8.288,8.288,httk_measured
86386-73-4,Fluconazole ,306.3,0.5014,0.7109,1.832,1.832,httk_measured
87-62-7,"""2,6-dimethylaniline""",121.2,1.839,0.4311,8.96,8.96,httk_measured
87-86-5,Pentachlorophenol,266.3,5.119,0.05441,8.764,8.764,httk_measured
88-06-2,"""2,4,6-trichlorophenol""",197.4,3.691,0.01512,18.76,18.76,httk_measured
91-22-5,Quinoline,129.2,2.031,0.2036,38.6,38.6,httk_measured
91-53-2,Ethoxyquin,217.3,3.106,0.01069,15.16,15.16,httk_measured
91-59-8,2-naphthylamine,143.2,2.281,0.1099,18.5,18.5,httk_measured
92-87-5,Benzidine,184.2,1.34,0.1977,6.91,6.91,httk_measured
94-13-3,Propylparaben,180.2,3.036,0.07639,38.0,38.0,httk_measured
94-26-8,Butylparaben,194.2,3.565,0.0191,39.3,39.3,httk_measured
94-28-0,Tri(ethylene glycol) bis(2-ethylhexanoate),402.6,3.6,0.005,22.62,22.62,httk_measured
95-48-7,2-methylphenol,108.1,1.951,0.38,27.48,27.48,httk_measured
95-95-4,"""2,4,5-trichlorophenol""",197.4,3.722,0.005322,26.24,26.24,httk_measured
97-53-0,Eugenol,164.2,2.272,0.1922,103.6,103.6,httk_measured
97-54-1,Isoeugenol,164.2,3.035,0.005,71.78,71.78,httk_measured
98-54-4,4-tert-butylphenol,150.2,3.31,0.1052,26.8,26.8,httk_measured
98-95-3,Nitrobenzene,123.1,1.851,0.3844,8.168,8.168,httk_measured
99-08-1,3-nitrotoluene,137.1,2.449,0.07728,16.82,16.82,httk_measured
99-59-2,2-methoxy-5-nitroaniline,168.2,1.471,0.3359,12.03,12.03,httk_measured
99-71-8,4-(butan-2-yl)phenol,150.2,3.083,0.0608,19.03,19.03,httk_measured
99-76-3,Methylparaben,152.1,1.958,0.07056,107.5,107.5,httk_measured
99-99-0,4-nitrotoluene,137.1,2.371,0.0679,19.32,19.32,httk_measured
33286-22-5,Diltiazem hydrochloride,451.0,1.746,0.22,23.48,23.48,httk_measured
50-02-2,Dexamethasone,392.5,1.92,0.32,1.791,1.791,httk_measured
15307-86-5,Diclofenac,296.2,4.52,0.005,65.42,65.42,httk_measured
15687-27-1,Ibuprofen,206.3,3.735,0.01,10.12,10.12,httk_measured
64-77-7,Tolbutamide,270.4,2.339,0.04,1.324,1.324,httk_measured
22204-53-1,Naproxen,230.3,3.18,0.002,26.48,26.48,httk_measured
29122-68-7,Atenolol,266.3,0.1596,0.94,1.986,1.986,httk_measured
15307-79-6,Diclofenac sodium,318.1,0.7004,0.004131,38.84,38.84,httk_measured
36505-84-7,Buspirone,385.5,2.629,0.05,7.66,7.66,httk_measured
51384-51-1,Metoprolol,267.4,1.881,0.883,6.231,6.231,httk_measured
60-80-0,Antipyrine,188.2,0.3107,0.97,0.5062,0.5062,httk_measured
62-44-2,Phenacetin,179.2,1.58,0.6,9.346,9.346,httk_measured
58-55-9,Theophylline,180.2,-0.02058,0.61,0.7788,0.7788,httk_measured
604-75-1,Oxazepam,286.7,2.239,0.04,3.271,3.271,httk_measured
83-43-2,Methylprednisolone,374.5,1.721,0.23,5.452,5.452,httk_measured
50-24-8,Prednisolone,360.4,1.62,0.25,5.841,5.841,httk_measured
97322-87-7,Troglitazone,441.5,4.36,0.000941,21.85,21.85,httk_measured
59865-13-3,Cyclosporin a,1203.0,2.92,1e-06,8.591,8.591,httk_measured
73590-58-6,Omeprazole,345.4,2.231,0.16,3.271,3.271,httk_measured
2078-54-8,Propofol,178.3,3.791,0.016,107.0,107.0,httk_measured
111406-87-2,Zileuton,236.3,0.1828,0.07,2.298,2.298,httk_measured
76-57-3,Codeine,299.4,1.14,1.0,24.53,24.53,httk_measured
66357-35-5,Ranitidine,314.4,0.2691,0.95,1.324,1.324,httk_measured
58-15-1,Aminopyrine,231.3,0.9955,1.0,4.1,4.1,httk_measured
65277-42-1,Ketoconazole,531.4,4.348,0.062,55.0,55.0,httk_measured
321-64-2,Tacrine,198.3,2.707,1.0,1000.0,1000.0,httk_measured
54-11-5,Nicotine,162.2,1.171,0.406,4.44,4.44,httk_measured
99-66-1,Valproic acid,144.2,2.748,0.214,0.4366,0.4366,httk_measured
55-98-1,Busulphan,246.3,-0.5186,1.0,1.39,1.39,httk_measured
305-03-3,Chlorambucil,304.2,1.707,0.01,44.0,44.0,httk_measured
56-75-7,Chloramphenicol,323.1,1.139,0.34,0.723,0.723,httk_measured
85721-33-1,Ciprofloxacin,331.3,0.2801,0.7,4.17,4.17,httk_measured
64-86-8,Colchicine,399.4,1.3,0.61,0.698,0.698,httk_measured
89-25-8,Edaravone,174.2,1.783,0.89,2.0,2.0,httk_measured
50-28-2,Estradiol,272.4,3.909,4.95e-06,56.9,56.9,httk_measured
98319-26-7,Finasteride,372.6,3.03,0.095,4.5,4.5,httk_measured
29094-61-9,Glipizide,445.5,1.91,0.02,1.597,1.597,httk_measured
10238-21-8,Glyburide,494.0,1.786,0.021,6.62,6.62,httk_measured
53-86-1,Indomethacin,357.8,4.267,0.0103,9.35,9.35,httk_measured
54-85-3,Isoniazide,137.1,-0.6985,1.0,1.11,1.11,httk_measured
797-63-7,Levonorgestrel,312.5,3.067,0.0369,9.89,9.89,httk_measured
443-48-1,Metronidazole,171.2,-0.02363,0.96,3.0,3.0,httk_measured
84371-65-3,Mifepristone,429.6,4.814,0.0167,33.2,33.2,httk_measured
57-47-6,Physostigmine,275.4,1.58,0.64,1.64,1.64,httk_measured
117-39-5,Quercetin,302.2,1.24,0.0176,75.2,75.2,httk_measured
50-35-1,Thalidomide,258.2,0.3288,0.4,4.0,4.0,httk_measured
134308-13-7,Tolcapone,273.2,2.798,0.0133,22.0,22.0,httk_measured
76-25-5,Triamcinolone acetonide,434.5,2.531,0.2,9.0,9.0,httk_measured
125-84-8,Aminoglutethimide,232.3,-1.471,0.563,0.723,0.723,httk_measured
66-81-9,Cycloheximide,281.4,0.5478,0.629,1.74,1.74,httk_measured
84-66-2,Diethylphthalate,222.2,2.444,0.19,42.5,42.5,httk_measured
39515-41-8,Fenpropathrin,349.4,5.698,0.00458,19.7,19.7,httk_measured
67614-33-9,Fenvalerate,419.9,6.2,0.005,0.766,0.766,httk_measured
389-08-2,Nalidixic_acid,232.2,1.59,0.749,1.1,1.1,httk_measured
57-24-9,Strychnine,334.4,1.929,0.457,2.0,2.0,httk_measured
84-74-2,Dibutylphthalate,278.3,4.609,0.028,42.5,42.5,httk_measured
25812-30-0,Gemfibrozil,250.3,4.431,0.03,52.18,52.18,httk_measured
486-66-8,Daidzein,254.2,3.243,0.0553,15.4,15.4,httk_measured
520-18-3,Kaempferol,286.2,2.158,0.02973,95.7,95.7,httk_measured
17924-92-4,Zearalenone,318.4,3.745,0.004899,209.0,209.0,httk_measured
521-18-6,5alpha-dihydrotestosterone,290.4,3.551,0.0313,70.7,70.7,httk_measured
520-36-5,Apigenin,270.2,3.02,9.57e-05,138.0,138.0,httk_measured
512-56-1,Trimethyl phosphate,140.1,-0.6486,1.084,3.43,3.43,httk_measured
500-38-9,Nordihydroguaiaretic acid,302.4,3.091,1e-06,270.0,270.0,httk_measured
2467-02-9,"2,2'-bisphenol f",200.2,3.4,0.041,83.5,83.5,httk_measured
5153-25-3,2-ethylhexylparaben,250.3,4.101,0.01318,128.0,128.0,httk_measured
105512-06-9,Clodinafop-propargyl,349.7,3.899,0.0148,1010.0,1010.0,httk_measured
131-56-6,"2,4-dihydroxybenzophenone",214.2,2.595,0.0113,39.3,39.3,httk_measured
58-18-4,17-methyltestosterone,302.5,3.361,0.0329,12.7,12.7,httk_measured
94-18-8,Benzylparaben,228.2,3.556,0.00674,633.0,633.0,httk_measured
23513-14-6,(6)-gingerol,294.4,3.431,0.141,146.0,146.0,httk_measured
15619-48-4,1-benzylquinolinium chloride,255.8,0.4384,0.599,7.31,7.31,httk_measured
2687-96-9,1-dodecyl-2-pyrrolidinone,253.4,4.203,0.0125,19.1,19.1,httk_measured
83-41-0,"1,2-dimethyl-3-nitrobenzene",151.2,2.83,1e-06,523.0,523.0,httk_measured
57-91-0,17alpha-estradiol,272.4,3.909,3.98e-05,55.6,55.6,httk_measured
10161-33-8,17beta-trenbolone,270.4,2.948,0.0999,37.4,37.4,httk_measured
2467-03-0,2-(4-hydroxybenzyl)phenol,200.2,3.15,0.0426,56.8,56.8,httk_measured
5809-23-4,2-[4-(diethylamino)-2-hydroxybenzoyl]benzoic acid,313.4,3.279,0.00517,2.0,2.0,httk_measured
97-56-3,2-amino-5-azotoluene,225.3,3.783,0.00696,6.89,6.89,httk_measured
117-79-3,2-aminoanthraquinone,223.2,3.307,0.0305,30.8,30.8,httk_measured
587-65-5,2-chloro-n-phenylacetamide,169.6,1.63,0.401,38.9,38.9,httk_measured
4940-11-8,2-ethyl-3-hydroxy-4h-pyran-4-one,140.1,0.6281,0.606,81.0,81.0,httk_measured
131-57-7,2-hydroxy-4-methoxybenzophenone,228.2,3.785,0.00952,15.7,15.7,httk_measured
149-30-4,2-mercaptobenzothiazole,167.2,2.418,0.0215,37.3,37.3,httk_measured
2785-87-7,2-methoxy-4-propylphenol,166.2,2.648,0.0707,24.6,24.6,httk_measured
90-05-1,2-methoxyphenol,124.1,1.32,0.569,44.9,44.9,httk_measured
96-70-8,2-tert-butyl-4-ethylphenol,178.3,3.812,0.0454,102.0,102.0,httk_measured
2409-55-4,2-tert-butyl-4-methylphenol,164.2,3.433,0.0272,20.9,20.9,httk_measured
88-60-8,2-tert-butyl-5-methylphenol,164.2,3.343,0.0264,36.0,36.0,httk_measured
88-18-6,2-tert-butylphenol,150.2,3.31,0.000115,59.7,59.7,httk_measured
119-47-1,"2,2'-methylenebis(4-methyl-6-tert-butylphenol)",340.5,6.251,1e-06,22.4,22.4,httk_measured
131-55-5,"2,2',4,4'-tetrahydroxybenzophenone",246.2,2.598,0.0354,19.2,19.2,httk_measured
79-95-8,"2,2',6,6'-tetrachlorobisphenol a",366.1,7.151,0.00598,18.7,18.7,httk_measured
6846-50-0,"2,2,4-trimethyl-1,3-pentanediol diisobutyrate",286.4,4.777,1e-06,9.95,9.95,httk_measured
1143-72-2,"2,3,4-trihydroxbenzophenone",230.2,2.833,0.0185,94.1,94.1,httk_measured
2416-94-6,"2,3,6-trimethylphenol",136.2,2.671,0.0908,106.0,106.0,httk_measured
96-76-4,"2,4-di-tert-butylphenol",206.3,5.186,0.144,2.52,2.52,httk_measured
1470-79-7,"2,4,4'-trihydroxybenzophenone",230.2,2.707,0.0196,21.1,21.1,httk_measured
527-60-6,"2,4,6-trimethylphenol",136.2,2.729,0.109,163.0,163.0,httk_measured
79-74-3,"2,5-bis(2-methylbutan-2-yl)benzene-1,4-diol",250.4,4.911,0.0166,11.4,11.4,httk_measured
88-58-4,"2,5-di-tert-butylbenzene-1,4-diol",222.3,4.59,1e-06,117.0,117.0,httk_measured
95-74-9,3-chloro-4-methylaniline,141.6,1.926,0.145,65.3,65.3,httk_measured
55406-53-6,3-iodo-2-propynyl-n-butylcarbamate,281.1,2.091,0.719,486.0,486.0,httk_measured
618-45-1,3-isopropylphenol,136.2,3.015,0.14,19.9,19.9,httk_measured
108-44-1,3-methylaniline,107.2,1.4,0.549,32.9,32.9,httk_measured
585-34-2,3-tert-butylphenol,150.2,3.301,0.116,40.2,40.2,httk_measured
612-82-8,"3,3'-dimethylbenzidine dihydrochloride",285.2,-0.9007,0.115,25.4,25.4,httk_measured
79-94-7,"3,3',5,5'-tetrabromobisphenol a",543.9,6.663,0.00107,50.5,50.5,httk_measured
99-54-7,"3,4-dichloronitrobenzene",192.0,3.119,1e-06,387.0,387.0,httk_measured
626-43-7,"3,5-dichloroaniline",162.0,2.899,0.0522,86.1,86.1,httk_measured
18979-55-0,4-(hexyloxy)phenol,194.3,3.355,0.00077,83.6,83.6,httk_measured
122-37-2,4-anilinophenol,185.2,2.822,0.0582,75.1,75.1,httk_measured
104-13-2,4-butylaniline,149.2,3.048,0.0599,26.4,26.4,httk_measured
4344-55-2,4-butyloxyaniline,165.2,1.459,0.165,28.4,28.4,httk_measured
1638-22-8,4-butylphenol,150.2,3.647,0.0358,127.0,127.0,httk_measured
95-83-0,"4-chloro-1,2-diaminobenzene",142.6,1.277,0.373,31.6,31.6,httk_measured
599-64-4,4-cumylphenol,212.3,3.691,0.0231,27.2,27.2,httk_measured
156-43-4,4-ethoxyaniline,137.2,1.238,0.485,13.8,13.8,httk_measured
1987-50-4,4-heptylphenol,192.3,4.028,0.00365,42.5,42.5,httk_measured
33228-45-4,4-hexylanilline,177.3,4.207,0.00695,440.0,440.0,httk_measured
39905-57-2,4-hexyloxyanilline,193.3,3.635,0.0252,79.3,79.3,httk_measured
121-33-5,4-hydroxy-3-methoxybenzaldehyde,152.1,1.193,0.322,234.0,234.0,httk_measured
68392-35-8,4-hydroxytamoxifen,387.5,5.454,0.0153,16.0,16.0,httk_measured
134-84-9,4-methylbenzophenone,196.2,3.306,0.0188,118.0,118.0,httk_measured
100-02-7,4-nitrophenol,139.1,1.912,0.141,14.0,14.0,httk_measured
156-10-5,4-nitrosodiphenylamine,198.2,3.043,0.123,839.0,839.0,httk_measured
84852-15-3,"4-nonylphenol, branched",220.2,5.034,1e-06,104.0,104.0,httk_measured
33228-44-3,4-pentylaniline,163.3,3.39,0.0234,18.2,18.2,httk_measured
2696-84-6,4-propylanilline,135.2,2.4,0.136,17.3,17.3,httk_measured
769-92-6,4-tert-butylaniline,149.2,2.7,0.155,10.7,10.7,httk_measured
3236-71-3,"4,4'-(9h-fluorene-9,9-diyl)diphenol",350.4,3.674,1e-06,22.4,22.4,httk_measured
13680-35-8,"4,4'-methylenebis(2,6-diethylaniline)",310.5,5.139,0.00874,8.2,8.2,httk_measured
101-77-9,"4,4'-methylenedianiline",198.3,1.589,0.261,3.37,3.37,httk_measured
27955-94-8,"4,4',4''-ethane-1,1,1-triyltriphenol",306.4,3.301,0.0141,30.8,30.8,httk_measured
2835-95-2,5-amino-2-methylphenol,123.2,0.7676,0.604,16.0,16.0,httk_measured
105624-86-0,5hpp-33,323.4,4.28,0.0415,47.0,47.0,httk_measured
77-90-7,Acetyl tributyl citrate,402.5,4.366,0.00942,261.0,261.0,httk_measured
135158-54-2,Acibenzolar-s-methyl,210.3,3.098,0.0232,863.0,863.0,httk_measured
19774-82-4,Amiodarone hydrochloride,681.8,2.244,1e-06,4.537,4.537,httk_measured
41372-20-7,Apomorphine hydrochloride hydrate,625.6,0.1058,0.0723,17.4,17.4,httk_measured
2465-27-2,Auramine hydrochloride,303.8,0.5336,0.107,8.66,8.66,httk_measured
35575-96-3,Azamethiphos,324.7,1.05,0.553,429.0,429.0,httk_measured
2390-60-5,Basic blue 7,514.2,2.876,1e-06,3.21,3.21,httk_measured
94-09-7,Benzocaine,165.2,1.86,0.338,132.0,132.0,httk_measured
118-58-1,Benzyl salicylate,228.2,3.106,1e-06,841.0,841.0,httk_measured
253450-09-8,Besonprodil,402.5,4.239,0.0385,5.31,5.31,httk_measured
491-80-5,Biochanin a,284.3,3.138,0.0203,230.0,230.0,httk_measured
33171-05-0,Bisdemethoxycurcumin,308.3,3.242,1e-06,112.0,112.0,httk_measured
1478-61-1,Bisphenol af,336.2,4.017,0.00685,125.0,125.0,httk_measured
22260-51-1,Bromocriptine mesylate,750.7,0.6293,0.00955,178.0,178.0,httk_measured
569-61-9,C.i. basic red 9 monohydrochloride,323.8,-0.8487,0.235,3.23,3.23,httk_measured
509-34-2,C.i. solvent red 49,442.6,6.086,0.0456,13.9,13.9,httk_measured
63449-41-2,C8-18-alkydimethylbenzyl ammonium chlorides,276.3,3.16,0.0104,63.1,63.1,httk_measured
1260-17-9,Carminic acid,492.4,0.573,1e-06,88.8,88.8,httk_measured
120-80-9,Catechol,110.1,0.8794,0.0268,42.3,42.3,httk_measured
480-40-0,Chrysin,254.2,3.519,0.00263,204.0,204.0,httk_measured
637-07-0,Clofibrate,242.7,3.456,1e-06,868.0,868.0,httk_measured
23593-75-1,Clotrimazole,344.8,4.8,0.00953,77.1,77.1,httk_measured
50-22-6,Corticosterone,346.5,1.942,0.137,12.1,12.1,httk_measured
230954-09-3,Cp-544439,410.4,2.383,0.145,2.27,2.27,httk_measured
458-37-7,Curcumin,368.4,2.597,1e-06,297.0,297.0,httk_measured
120116-88-3,Cyazofamid,324.8,0.848,0.051,10.0,10.0,httk_measured
4449-51-8,Cyclopamine,411.6,5.248,0.0741,29.4,29.4,httk_measured
68359-37-5,Cyfluthrin,434.3,5.952,1e-06,23.8,23.8,httk_measured
57966-95-7,Cymoxanil,198.2,0.5879,0.437,32.8,32.8,httk_measured
427-51-0,Cyproterone acetate,416.9,3.409,0.0584,4.46,4.46,httk_measured
69-74-9,Cytarabine hydrochloride,279.7,-2.084,0.96,16.8,16.8,httk_measured
1596-84-5,Daminozide,160.2,-1.495,0.939,2.29,2.29,httk_measured
2392-39-4,Dexamethasone sodium phosphate,516.4,0.9792,0.0956,9.63,9.63,httk_measured
109-43-3,Dibutyl decanedioate,314.5,5.972,1e-06,134.0,134.0,httk_measured
97-23-4,Dichlorophen,269.1,4.258,0.0045,13.2,13.2,httk_measured
62-73-7,Dichlorvos,221.0,1.429,1e-06,86.4,86.4,httk_measured
84-69-5,Diisobutyl phthalate,278.3,4.112,0.000435,345.0,345.0,httk_measured
131-18-0,Dipentyl phthalate,306.4,5.616,0.0986,301.0,301.0,httk_measured
136-45-8,"Dipropyl 2,5-pyridinedicarboxylate",251.3,3.565,0.865,592.0,592.0,httk_measured
97-77-8,Disulfiram,296.5,3.877,0.08601,28.46,28.46,httk_measured
6533-00-2,Dl-norgestrel,312.5,3.067,0.0392,11.0,11.0,httk_measured
24169-02-6,Econazole nitrate,444.7,1.082,0.00553,6.02,6.02,httk_measured
361343-19-3,Elzasonan,448.4,4.692,0.0329,21.1,21.1,httk_measured
124378-77-4,Enadoline,396.5,2.894,0.263,3.36,3.36,httk_measured
77756-20-8,Enterolactone,298.3,2.811,0.0121,139.0,139.0,httk_measured
474-86-2,Equilin,268.4,3.531,0.0583,9.74,9.74,httk_measured
52479-85-3,Exifone,278.2,1.158,1e-06,28.1,28.1,httk_measured
129299-90-7,Fabesetron hydrochloride,329.8,0.4345,0.0309,7.56,7.56,httk_measured
131807-57-3,Famoxadone,374.4,4.649,0.0097,16.4,16.4,httk_measured
2783-94-0,Fd&c yellow 6,452.4,1.779,1e-06,18.9,18.9,httk_measured
49562-28-9,Fenofibrate,360.8,4.943,0.00815,563.0,563.0,httk_measured
113776-20-8,Fenoxaprop-(2s)-ethyl,361.8,4.579,0.00537,723.0,723.0,httk_measured
71283-80-2,Fenoxaprop-p-ethyl,361.8,4.579,0.00635,519.0,519.0,httk_measured
111812-58-9,"Fenpyroximate (z,e)",421.5,5.008,0.0046,16.8,16.8,httk_measured
101-42-8,Fenuron,164.2,0.9813,0.564,2.89,2.89,httk_measured
69806-50-4,Fluazifop-butyl,383.4,4.5,0.00862,401.0,401.0,httk_measured
188489-07-8,Flufenpyr-ethyl,408.7,4.075,0.769,375.0,375.0,httk_measured
69806-40-2,Haloxyfop-methyl,375.7,4.07,0.00819,467.0,467.0,httk_measured
67485-29-4,Hydramethylnon,494.5,2.313,1e-06,4.38,4.38,httk_measured
630-56-8,Hydroxyprogesterone caproate,428.6,5.315,0.0175,195.0,195.0,httk_measured
473289-62-2,Ilepatril,432.5,2.475,0.319,5.55,5.55,httk_measured
186392-65-4,Ingliforib,457.9,0.4186,0.0234,2.09,2.09,httk_measured
125225-28-7,Ipconazole,333.9,4.208,0.0132,101.0,101.0,httk_measured
25311-71-1,Isofenphos,345.4,4.117,0.0105,158.0,158.0,httk_measured
33820-53-0,Isopropalin,309.4,4.502,1e-06,12.5,12.5,httk_measured
59227-89-3,Laurocapram,281.5,6.109,0.00275,9.8,9.8,httk_measured
79794-75-5,Loratadine,382.9,5.197,0.00968,33.9,33.9,httk_measured
1634-78-2,Malaoxon,314.3,1.724,0.538,55.9,55.9,httk_measured
2919-66-6,Melengestrol acetate,396.5,3.327,0.0232,41.4,41.4,httk_measured
16752-77-5,Methomyl,162.2,0.6005,0.716,2.05,2.05,httk_measured
134-20-3,Methyl 2-aminobenzoate,151.2,1.877,0.224,246.0,246.0,httk_measured
4707-47-5,"Methyl 2,4-dihydroxy-3,6-dimethylbenzoate",196.2,2.051,0.0335,268.0,268.0,httk_measured
493-52-7,Methyl red,269.3,3.345,0.0304,11.1,11.1,httk_measured
119-36-8,Methyl salicylate,152.1,2.547,0.107,817.0,817.0,httk_measured
61-73-4,Methylene blue,319.8,0.6257,0.38,13.9,13.9,httk_measured
90-94-8,Michler's ketone,268.4,3.869,0.00959,39.2,39.2,httk_measured
103-69-5,N-ethylaniline,121.2,2.16,0.214,21.8,21.8,httk_measured
872-50-4,N-methyl-2-pyrrolidone,99.13,-0.4585,0.888,0.04123,0.04123,httk_measured
90-30-2,N-phenyl-1-naphthylamine,219.3,4.201,0.006962,57.9,57.9,httk_measured
63449-68-3,Naphthalen-2-yl 2-aminobenzoate,263.3,3.48,0.00653,846.0,846.0,httk_measured
439687-69-1,Nelivaptan,630.1,2.791,0.0608,35.3,35.3,httk_measured
59-67-6,Nicotinic acid,123.1,0.358,0.594,3.54,3.54,httk_measured
110-25-8,Oleyl sarcosine,353.5,6.151,1e-06,41.7,41.7,httk_measured
501027-49-2,Pd-0333941,390.4,5.023,0.00409,3.4,3.4,httk_measured
1114-71-2,Pebulate,203.3,3.835,1e-06,159.0,159.0,httk_measured
460081-99-6,Pharmagsid_48510,436.4,5.009,0.0142,7.69,7.69,httk_measured
143-74-8,Phenol red,354.4,3.02,0.142,1.1,1.1,httk_measured
81-90-3,Phenolphthalin,320.3,2.612,0.00918,1.85,1.85,httk_measured
17696-62-7,Phenylparaben,214.2,3.288,0.045,865.0,865.0,httk_measured
117428-22-5,Picoxystrobin,367.3,3.702,0.007216,57.1,57.1,httk_measured
112529-15-4,Pioglitazone hydrochloride,392.9,-0.2365,0.0106,8.92,8.92,httk_measured
625114-41-2,Piragliatin,421.9,1.964,0.48,6.26,6.26,httk_measured
32809-16-8,Procymidone,284.1,3.081,0.0499,5.32,5.32,httk_measured
1918-16-7,Propachlor,211.7,2.182,0.345,69.7,69.7,httk_measured
2312-35-8,Propargite,350.5,4.999,0.0133,24.0,24.0,httk_measured
60207-90-1,Propiconazole,342.2,3.717,0.0508,17.0,17.0,httk_measured
121-79-9,Propyl gallate,212.2,1.8,0.0258,49.7,49.7,httk_measured
82640-04-8,Raloxifene hydrochloride,510.0,1.57,0.0129,43.7,43.7,httk_measured
501-36-0,Resveratrol,228.2,3.304,1e-06,62.9,62.9,httk_measured
180084-01-9,Sb236057a,571.1,4.528,0.015,4.65,4.65,httk_measured
26259-45-0,Secbumeton,225.3,3.103,0.0461,6.53,6.53,httk_measured
2492-26-4,Sodium 2-mercaptobenzothiolate,189.2,1.009,0.0368,41.7,41.7,httk_measured
824-78-2,Sodium 4-nitrophenolate,161.1,-1.518,0.17,48.1,48.1,httk_measured
3689-24-5,Sulfotepp,322.3,3.988,0.0206,101.0,101.0,httk_measured
4065-45-6,Sulisobenzone,308.3,2.43,0.00942,1.05,1.05,httk_measured
13071-79-9,Terbufos,288.4,4.478,0.0306,32.5,32.5,httk_measured
57-85-2,Testosterone propionate,344.5,4.102,1e-06,427.0,427.0,httk_measured
36062-04-1,Tetrahydrocurcumin,372.4,2.343,0.0501,173.0,173.0,httk_measured
83-67-0,Theobromine,180.2,-0.7743,0.955,396.0,396.0,httk_measured
137-26-8,Thiram,240.4,1.73,1e-06,816.0,816.0,httk_measured
189003-92-7,Trelanserin,465.6,2.729,0.0607,7.06,7.06,httk_measured
24017-47-8,Triazophos,313.3,3.341,0.049,30.2,30.2,httk_measured
52-68-6,Trichlorfon,257.4,0.5114,0.696,31.7,31.7,httk_measured
141517-21-7,Trifloxystrobin,408.4,3.474,0.0072,466.0,466.0,httk_measured
2451-62-9,Triglycidyl isocyanurate,297.3,-0.2031,0.402,180.0,180.0,httk_measured
95266-40-3,Trinexapac-ethyl,252.3,0.968,0.137,3.82,3.82,httk_measured
101-20-2,Triclocarban,315.6,4.666,0.003883,9.45,9.45,httk_measured
104-66-5,"1,2-diphenoxyethane",214.3,3.809,1e-06,18.51,18.51,httk_measured
105-13-5,(4-methoxyphenyl)methanol,138.2,1.1,0.9392,90.03,90.03,httk_measured
106-25-2,"(2z)-3,7-dimethylocta-2,6-dien-1-ol",154.3,3.558,1e-06,1.57,1.57,httk_measured
1071-93-8,Hexanedihydrazide,174.2,-0.2851,0.9601,0.6018,0.6018,httk_measured
108612-45-9,Mizolastine,432.5,3.333,0.023,6.0,6.0,httk_measured
111-40-0,Diethylenetriamine,103.2,-0.8286,0.9678,2.003,2.003,httk_measured
111-76-2,2-butoxyethanol,118.2,0.828,0.8332,0.8515,0.8515,httk_measured
124-07-2,Octanoic acid,144.2,3.049,1e-06,5.626,5.626,httk_measured
125116-23-6,Metconazole,319.8,3.85,0.02646,16.7,16.7,httk_measured
149-57-5,2-ethylhexanoic acid,144.2,2.643,0.1316,1.715,1.715,httk_measured
169590-42-5,Celecoxib,381.4,3.566,0.002837,25.7,25.7,httk_measured
2226-96-2,"4-hydroxy-2,2,6,6-tetramethylpiperidin-1-yl)oxidanyl",172.2,0.8918,1.0,10.4,10.4,httk_measured
2597-03-7,Phenthoate,320.4,3.69,0.02456,168.0,168.0,httk_measured
2610-11-9,C.i. direct red 81 disodium salt,675.6,2.851,4.049e-05,1.492,1.492,httk_measured
2943-75-1,Triethoxyoctylsilane,276.5,4.71,0.026,11.06,11.06,httk_measured
3445-11-2,1-(2-hydroxyethyl)pyrrolidin-2-one,129.2,-0.7006,1.0,0.1559,0.1559,httk_measured
3913-02-8,2-butyloctan-1-ol,186.3,4.816,1.0,0.658,0.658,httk_measured
41481-66-7,"4,4'-sulfonylbis[2-(prop-2-en-1-yl)phenol]",330.4,2.843,0.0759,84.7,84.7,httk_measured
4394-85-8,4-morpholinecarboxaldehyde,115.1,-1.057,0.9528,0.4016,0.4016,httk_measured
5232-99-5,"Ethyl 2-cyano-3,3-diphenylacrylate",277.3,2.97,0.007005,161.3,161.3,httk_measured
5915-41-3,Terbuthylazine,229.7,3.21,0.08238,4.1,4.1,httk_measured
6259-76-3,Hexyl salicylate,222.3,3.185,1e-06,191.4,191.4,httk_measured
64-17-5,Ethanol,46.07,-0.3097,0.9338,3.958,3.958,httk_measured
64091-91-4,4-(n-methyl-n-nitrosamino)-1-(3-pyridyl)-1-butanone,207.2,1.082,0.9647,4.538,4.538,httk_measured
6425-39-4,"4,4'-(oxydiethylene)bis(morpholine)",244.3,0.01817,1.0,2.573,2.573,httk_measured
67-63-0,Isopropanol,60.1,0.05195,0.9214,0.2182,0.2182,httk_measured
72-33-3,Mestranol,310.4,4.15,0.04205,10.2,10.2,httk_measured
81-07-2,Saccharin,183.2,0.9093,0.2258,1.917,1.917,httk_measured
88-27-7,"2,6-di-tert-butyl-4-[(dimethylamino)methyl]phenol",263.4,4.028,0.2649,1.55,1.55,httk_measured
91-76-9,"6-phenyl-1,3,5-triazine-2,4-diamine",187.2,1.362,0.343,1.18,1.18,httk_measured
97-74-5,Tetramethylthiuram monosulfide,208.4,0.9374,0.6276,18.06,18.06,httk_measured
97-78-9,N-dodecanoyl-n-methylglycine,271.4,3.792,0.003219,42.07,42.07,httk_measured
5124-25-4,C.i.disperse yellow 42,369.4,4.599,1e-06,109.1,109.1,httk_measured
104-40-5,4-n-nonylphenol,220.4,5.757,0.0209,62.6,62.6,httk_measured
94-75-7,"2,4-d",221.0,2.809,0.04001,,20.3265,RF_predicted_544model
94-82-6,"2,4-db",249.1,3.528,0.006623,,150.8019,RF_predicted_544model
90-43-7,2-phenylphenol,170.2,3.091,0.04105,,46.6139,RF_predicted_544model
1007-28-9,6-desisopropylatrazine,173.6,1.15,0.4588,,7.7429,RF_predicted_544model
30560-19-1,Acephate,183.2,-0.8482,0.8684,,6.2837,RF_predicted_544model
135410-20-7,Acetamiprid,222.7,1.834,0.5732,,5.694,RF_predicted_544model
50594-66-6,Acifluorfen,361.7,3.701,0.0111,,61.2433,RF_predicted_544model
116-06-3,Aldicarb,190.3,1.129,0.4809,,7.5812,RF_predicted_544model
1912-24-9,Atrazine,215.7,2.611,0.1237,,17.14,RF_predicted_544model
25057-89-0,Bentazone,240.3,2.337,0.02147,,29.1941,RF_predicted_544model
82657-04-3,Bifenthrin,422.9,6.186,0.005,,6.8174,RF_predicted_544model
314-40-9,Bromacil,261.1,2.109,0.0852,,5.7783,RF_predicted_544model
1698-60-8,Chloridazon,221.6,1.172,0.4273,,5.5861,RF_predicted_544model
74115-24-5,Clofentezine,303.2,3.1,0.005,,29.5931,RF_predicted_544model
101-10-0,Cloprop,200.6,2.542,0.02239,,44.8383,RF_predicted_544model
21725-46-2,Cyanazine,240.7,2.221,0.3155,,9.513,RF_predicted_544model
113136-77-9,Cyclanilide,274.1,2.683,0.984,,52.9801,RF_predicted_544model
66215-27-8,Cyromazine,166.2,0.8033,0.9352,,11.4507,RF_predicted_544model
584-79-2,"D-cis,trans-allethrin",302.4,4.78,0.2902,,5.4616,RF_predicted_544model
1918-00-9,Dicamba,221.0,2.212,0.1802,,14.7381,RF_predicted_544model
1194-65-6,Dichlobenil,172.0,2.741,0.06222,,34.8178,RF_predicted_544model
99-30-9,Dichloran,207.0,2.799,0.005,,39.138,RF_predicted_544model
120-36-5,Dichlorprop,235.1,2.827,0.008529,,45.2295,RF_predicted_544model
51338-27-3,Diclofop-methyl,341.2,4.709,0.005,,47.8839,RF_predicted_544model
141-66-2,Dicrotophos,237.2,0.0002994,0.8457,,3.8668,RF_predicted_544model
117-81-7,Diethylhexyl phthalate (dehp),390.6,7.525,0.04558,,16.5673,RF_predicted_544model
43222-48-6,Difenzoquat metilsulfate,360.4,0.5632,0.8513,,7.9846,RF_predicted_544model
131-11-3,Dimethyl phthalate,194.2,1.584,0.656,,5.701,RF_predicted_544model
83657-24-3,Diniconazole,326.2,4.297,0.01947,,29.3319,RF_predicted_544model
155569-91-8,Emamectin benzoate,1008.0,5.0,0.001379,,14.0649,RF_predicted_544model
115-29-7,Endosulfan,406.9,3.828,0.11,,14.6674,RF_predicted_544model
66230-04-4,Esfenvalerate,419.9,6.2,1e-06,,14.2445,RF_predicted_544model
55283-68-6,Ethalfluralin,333.3,5.11,0.005,,16.7232,RF_predicted_544model
97780-06-8,Ethametsulfuron methyl,410.4,1.59,0.01566,,11.5115,RF_predicted_544model
66441-23-4,Fenoxaprop-ethyl,361.8,4.579,0.005,,166.8265,RF_predicted_544model
120068-37-3,Fipronil,437.1,3.998,0.0461,,13.6498,RF_predicted_544model
62924-70-3,Flumetralin,421.7,5.447,0.005,,13.4533,RF_predicted_544model
81406-37-3,Fluroxypyr-meptyl,367.2,4.529,0.005,,118.4601,RF_predicted_544model
173159-57-4,Foramsulfuron,452.4,0.7454,0.0649,,7.8312,RF_predicted_544model
98886-44-3,Fosthiazate,283.3,1.681,0.4599,,4.5972,RF_predicted_544model
100784-20-1,Halosulfuron-methyl,434.8,-0.01661,0.009462,,13.7017,RF_predicted_544model
35554-44-0,Imazalil,297.2,3.818,0.02956,,24.2236,RF_predicted_544model
114311-32-9,Imazamox,305.3,0.7307,0.4548,,8.4837,RF_predicted_544model
104098-48-8,Imazapic,275.3,2.464,0.5468,,9.4587,RF_predicted_544model
81334-34-1,Imazapyr,261.3,0.2237,0.9231,,2.6497,RF_predicted_544model
77501-63-4,Lactofen,461.8,4.808,0.005,,18.879,RF_predicted_544model
58-89-9,Lindane,290.8,3.719,0.0165,,44.1076,RF_predicted_544model
94-74-6,Mcpa,200.6,3.243,0.01797,,50.2159,RF_predicted_544model
104206-82-8,Mesotrione,339.3,0.783,0.3548,,5.7089,RF_predicted_544model
57837-19-1,Metalaxyl,279.3,1.65,0.7306,,6.5369,RF_predicted_544model
113-48-4,Mgk,275.4,3.7,0.005,,28.8965,RF_predicted_544model
2212-67-1,Molinate,187.3,3.209,0.09714,,29.2476,RF_predicted_544model
131-70-4,Monobutyl phthalate,222.2,2.372,0.2077,,16.1333,RF_predicted_544model
19666-30-9,Oxadiazon,345.2,4.798,0.00364,,34.4706,RF_predicted_544model
23135-22-0,Oxamyl,219.3,-0.4706,0.7926,,5.0644,RF_predicted_544model
42874-03-3,Oxyfluorfen,361.7,4.73,0.1218,,23.9314,RF_predicted_544model
6153-64-6,Oxytetracycline dihydrate,496.5,-3.97,0.3982,,11.5619,RF_predicted_544model
219714-96-2,Penoxsulam,483.4,2.482,0.01009,,6.8538,RF_predicted_544model
122-99-6,Phenoxyethanol,138.2,1.161,0.2957,,26.079,RF_predicted_544model
1918-02-1,Picloram,241.4,1.899,0.23,,6.4818,RF_predicted_544model
123343-16-8,Pyrithiobac-sodium,348.7,0.6002,0.0334,,9.3893,RF_predicted_544model
84087-01-4,Quinclorac,242.1,2.772,0.02799,,19.7035,RF_predicted_544model
124495-18-7,Quinoxyfen,308.1,4.66,0.005,,32.6807,RF_predicted_544model
10453-86-8,Resmethrin,338.4,6.14,0.005,,21.0471,RF_predicted_544model
122931-48-0,Rimsulfuron,431.4,0.2909,0.6278,,4.14,RF_predicted_544model
148-79-8,Thiabendazole,201.2,2.468,0.1382,,18.1553,RF_predicted_544model
153719-23-4,Thiamethoxam,291.7,-0.1191,0.8286,,5.8273,RF_predicted_544model
51707-55-2,Thidiazuron,220.2,1.769,0.02837,,36.1397,RF_predicted_544model
55219-65-3,Triadimenol,295.8,2.901,0.1258,,15.5256,RF_predicted_544model
55335-06-3,Triclopyr,256.5,2.516,0.02237,,23.0414,RF_predicted_544model
199119-58-9,Trifloxysulfuron-sodium,459.3,0.8201,0.00376,,16.9612,RF_predicted_544model
156052-68-5,Zoxamide,336.6,3.759,0.01031,,40.0426,RF_predicted_544model
101-80-4,"""4,4'-oxydianiline""",200.2,1.364,0.3284,,4.3707,RF_predicted_544model
102-06-7,"""1,3-diphenylguanidine""",211.3,2.959,0.7844,,28.0898,RF_predicted_544model
1024-57-3,"""heptachlor epoxide, isomer b""",389.3,5.191,0.01068,,20.9291,RF_predicted_544model
10540-29-1,Tamoxifen,371.5,6.235,0.00165,,22.9613,RF_predicted_544model
110235-47-7,Mepanipyrim,223.3,3.279,0.03419,,29.7574,RF_predicted_544model
110-26-9,"""n,n'-methylenebis(acrylamide)""",154.2,-0.6668,1.0,,2.4158,RF_predicted_544model
112-50-5,2-[2-(2-ethoxyethoxy)ethoxy]ethanol,178.2,0.03197,1.0,,1.2952,RF_predicted_544model
114-07-8,Erythromycin,733.9,3.06,0.5653,,19.7217,RF_predicted_544model
117-84-0,Di-n-octyl phthalate,390.6,8.097,0.0233,,15.9117,RF_predicted_544model
119-90-4,"3,3'-dimethoxybenzidine",244.3,1.813,0.3343,,6.4201,RF_predicted_544model
119-93-7,O-tolidine,212.3,2.34,0.1427,,15.6121,RF_predicted_544model
121-14-2,"""2,4-dinitrotoluene""",182.1,1.979,0.09602,,34.9275,RF_predicted_544model
126-73-8,Tributyl phosphate,266.3,3.997,0.03481,,27.2108,RF_predicted_544model
128-39-2,"""2,6-di-tert-butylphenol""",206.3,4.92,0.01953,,18.1213,RF_predicted_544model
131-17-9,Diallyl phthalate,246.3,3.229,0.9621,,99.7709,RF_predicted_544model
13292-46-1,Rifampicin,823.0,3.085,0.04344,,13.8653,RF_predicted_544model
1445-75-6,Diisopropyl methylphosphonate (dimp),180.2,1.034,0.9727,,6.5352,RF_predicted_544model
145742-28-5,"""(2s,3s)-n-[2-methoxy-5-(trifluoromethoxy)benzyl]-2-phenylpiperidin-3-amine""",380.4,4.031,0.07996,,15.3325,RF_predicted_544model
147-24-0,Diphenhydramine hydrochloride,291.8,0.3888,0.4131,,8.63,RF_predicted_544model
1563-66-2,Carbofuran,221.3,1.974,0.4213,,6.1181,RF_predicted_544model
2058-46-0,Oxytetracycline hydrochloride,496.9,-1.034,0.6283,,7.4709,RF_predicted_544model
2243-62-1,"""1,5-diaminonaphthalene""",158.2,0.8928,0.6333,,11.7722,RF_predicted_544model
2528-16-7,Benzyl hydrogen phthalate,256.3,2.93,0.0352,,17.7526,RF_predicted_544model
298-02-2,Phorate,260.4,3.693,0.0129,,39.9778,RF_predicted_544model
3739-38-6,3-phenoxybenzoic acid,214.2,3.906,0.00716,,52.588,RF_predicted_544model
4291-63-8,2-chloro-2'-deoxyadenosine,285.7,0.01732,0.9848,,3.1009,RF_predicted_544model
50-55-5,Reserpine,608.7,2.57,0.005994,,6.8116,RF_predicted_544model
51-28-5,"""2,4-dinitrophenol""",184.1,1.672,0.02723,,44.6616,RF_predicted_544model
534-52-1,"""2-methyl-4,6-dinitrophenol""",198.1,2.131,0.002637,,43.6875,RF_predicted_544model
60-57-1,Dieldrin,380.9,5.118,0.009376,,28.8097,RF_predicted_544model
7173-51-5,Didecyl dimethyl ammonium chloride,362.1,2.683,0.005,,23.4886,RF_predicted_544model
72-20-8,Endrin,380.9,5.118,0.006423,,24.3375,RF_predicted_544model
72-54-8,"""p,p'-ddd""",320.0,6.129,0.03115,,24.6572,RF_predicted_544model
81-81-2,Warfarin,308.3,2.7,0.01327,,21.1691,RF_predicted_544model
88-85-7,Dinoseb,240.2,3.559,0.00043,,79.6525,RF_predicted_544model
90-04-0,2-anisidine,123.2,1.18,0.4532,,15.7432,RF_predicted_544model
91-64-5,Coumarin,146.1,1.391,0.1922,,29.2578,RF_predicted_544model
50-78-2,Aspirin,180.2,1.193,0.532,,9.8568,RF_predicted_544model
54-31-9,Furosemide,330.7,2.029,0.012,,12.2215,RF_predicted_544model
15676-16-1,Sulpiride,341.4,0.5712,1.0,,7.9945,RF_predicted_544model
57-63-6,Ethinylestradiol,296.4,3.669,0.014,,44.2624,RF_predicted_544model
76824-35-6,Famotidine,337.4,-0.6389,0.84,,8.5857,RF_predicted_544model
20830-75-5,Digoxin,780.9,1.263,0.7,,5.0748,RF_predicted_544model
59-05-2,Methotrexate,454.4,-1.847,0.432,,9.275,RF_predicted_544model
60-54-8,Tetracycline,444.4,-1.295,0.468,,8.0209,RF_predicted_544model
80-08-0,Dapsone,248.3,0.9717,0.295,,3.8442,RF_predicted_544model
69655-05-6,Didanosine,236.2,-1.238,0.951,,6.631,RF_predicted_544model
2321-07-5,Fluorescein,332.3,2.531,0.151,,13.3718,RF_predicted_544model
73-31-4,Melatonin,232.3,0.6118,0.498,,8.4905,RF_predicted_544model
67-20-9,Nitrofurantoin,238.2,-0.4691,0.415,,6.1125,RF_predicted_544model
396-01-0,Triamterene,253.3,0.9803,0.333,,4.0856,RF_predicted_544model
70-30-4,Hexachlorophene,406.9,7.538,1e-06,,18.3247,RF_predicted_544model
54-62-6,Aminopterin,440.4,-0.05046,0.75,,4.4274,RF_predicted_544model
77-06-5,Gibberellic_acid,346.4,0.2422,0.24,,6.292,RF_predicted_544model
58-93-5,Hydrochlorothiazide,297.7,-0.07002,0.274,,7.413,RF_predicted_544model
608-73-1,"1,2,3,4,5,6-hexachlorocyclohexane",290.8,3.719,0.0174,,45.5051,RF_predicted_544model
99-65-0,"1,3-dinitrobenzene",168.1,1.492,0.391,,14.3728,RF_predicted_544model
54965-24-1,Tamoxifen citrate,563.6,0.8373,0.0012,,16.3478,RF_predicted_544model
84-16-2,Meso-hexestrol,270.4,4.274,0.00772,,42.0233,RF_predicted_544model
59-50-7,4-chloro-3-methylphenol,142.6,3.091,0.0723,,21.2667,RF_predicted_544model
53-16-7,Estrone,270.4,3.132,0.0308,,22.5172,RF_predicted_544model
105-60-2,Caprolactam,113.2,-1.193,0.761,,1.8067,RF_predicted_544model
93-76-5,"2,4,5-trichlorophenoxyacetic acid",255.5,3.31,0.0127,,42.0645,RF_predicted_544model
68-22-4,Norethindrone,298.4,2.97,0.0516,,17.2543,RF_predicted_544model
80-09-1,"4,4'-sulfonyldiphenol",250.3,-0.1034,0.0576,,7.5679,RF_predicted_544model
115-96-8,Tris(2-chloroethyl) phosphate,285.5,1.441,0.44,,4.5579,RF_predicted_544model
791-28-6,Triphenylphosphine oxide,278.3,2.835,0.101,,19.9213,RF_predicted_544model
90-15-3,1-naphthol,144.2,2.85,0.0682,,27.5396,RF_predicted_544model
95-14-7,"1,2,3-benzotriazole",119.1,1.439,0.287,,24.558,RF_predicted_544model
14233-37-5,"1,4-bis(n-isopropylamino)anthraquinone",322.4,3.459,0.00728,,54.8105,RF_predicted_544model
15086-94-9,"2',4',5',7'-tetrabromofluorescein",647.9,5.861,0.003,,13.1449,RF_predicted_544model
21564-17-0,2-(thiocyanomethylthio)benzothiazole,238.3,3.299,0.331,,8.3796,RF_predicted_544model
92-04-6,2-chloro-4-phenylphenol,204.6,4.165,1e-06,,63.5334,RF_predicted_544model
583-39-1,2-mercaptobenzimidazole,150.2,1.66,0.4,,24.5851,RF_predicted_544model
95-53-4,2-methylaniline,107.2,1.322,0.713,,10.756,RF_predicted_544model
88-24-4,"2,2'-methylenebis(ethyl-6-tert-butylphenol)",368.6,7.47,0.00513,,20.988,RF_predicted_544model
1563-38-8,"2,3-dihydro-2,2-dimethyl-7-benzofuranol",164.2,2.083,0.364,,27.1662,RF_predicted_544model
3855-32-1,"2,6,10-trimethyl-2,6,10-triazaundecane",201.4,0.2133,0.0383,,18.2715,RF_predicted_544model
99-07-0,3-dimethylaminophenol,137.2,1.561,0.242,,26.7575,RF_predicted_544model
20325-40-0,"3,3'-dimethoxybenzidine dihydrochloride",317.2,-0.2588,0.201,,10.1573,RF_predicted_544model
1154-59-2,"3,5-dichlorosalicyl-3,4-dichloroanullide",351.0,5.109,1e-06,,30.0473,RF_predicted_544model
6893-02-3,"3,5,3'-triiodothyronine",651.0,3.769,3.46e-05,,11.6918,RF_predicted_544model
10081-67-1,4-(2-phenylpropan-2-yl)-n-[4-(2-phenylpropan-2-yl)phenyl]aniline,405.6,9.246,1e-06,,18.2651,RF_predicted_544model
150-13-0,4-aminobenzoic acid,137.1,0.8241,0.766,,10.1339,RF_predicted_544model
106-47-8,4-chloroanulline,127.6,1.832,0.264,,22.3911,RF_predicted_544model
13080-86-9,"4,4'-(isopropylidenebis(4,1-phenyleneoxy))dianiline",410.5,6.357,1e-06,,21.236,RF_predicted_544model
154-42-7,6-thioguanine,167.2,-0.06896,0.804,,1.7414,RF_predicted_544model
98-86-2,Acetophenone,120.2,1.582,0.326,,21.3986,RF_predicted_544model
25316-40-9,Adriamycin hydrochloride,580.0,1.473,0.157,,7.4154,RF_predicted_544model
1646-88-4,Aldoxycarb,222.3,-0.5679,0.948,,6.0866,RF_predicted_544model
25956-17-6,Allura red c.i.16035,496.4,2.328,0.0137,,8.3086,RF_predicted_544model
3337-71-1,Asulam,230.2,-0.2672,0.456,,5.6563,RF_predicted_544model
446-86-6,Azathioprine,277.3,0.101,0.32,,6.3978,RF_predicted_544model
90357-06-5,Bicalutamide,430.4,3.477,0.0323,,9.9456,RF_predicted_544model
125401-92-5,Bispyribac-sodium,452.4,-1.027,0.0106,,13.5467,RF_predicted_544model
62625-32-5,Bromocresol green sodium salt,720.0,1.581,0.00511,,9.9455,RF_predicted_544model
13301-61-6,C.i. disperse orange 37,392.2,3.178,0.00145,,29.2151,RF_predicted_544model
3118-97-6,C.i. solvent orange 7,276.3,4.442,1e-06,,43.5229,RF_predicted_544model
842-07-9,C.i. solvent yellow 14,248.3,3.866,0.00277,,41.5062,RF_predicted_544model
184653-84-7,Carabersat,357.4,3.204,0.187,,6.5961,RF_predicted_544model
159138-81-5,Cariporide mesylate,379.4,0.5727,0.451,,7.2621,RF_predicted_544model
56-95-1,Chlorhexidine diacetate,625.6,1.33,0.00236,,10.9013,RF_predicted_544model
3691-35-8,Chlorophacinone,374.8,4.064,1e-06,,64.4509,RF_predicted_544model
1897-45-6,Chlorothalonil,265.9,2.976,0.378,,7.7292,RF_predicted_544model
569-57-3,Chlorotrianisene,380.9,5.725,1e-06,,27.1257,RF_predicted_544model
69-09-0,Chlorpromazine hydrochloride,355.3,1.32,0.0235,,15.9755,RF_predicted_544model
249296-43-3,Cj-013610,489.6,0.4695,0.0645,,7.6402,RF_predicted_544model
17321-77-6,Clomipramine hydrochloride,351.3,1.822,0.041,,7.1793,RF_predicted_544model
1702-17-6,Clopyralid,192.0,1.062,0.438,,6.7372,RF_predicted_544model
57754-85-5,Clopyralid-olamine,253.1,1.453,0.464,,3.7001,RF_predicted_544model
290352-28-2,Cp-634384,341.4,3.337,0.0126,,50.2905,RF_predicted_544model
445295-04-5,Cp-671305,454.4,3.118,0.0414,,10.4359,RF_predicted_544model
6055-19-2,Cyclophosphamide monohydrate,279.1,1.304,0.772,,4.8194,RF_predicted_544model
139340-56-0,Darbufelone mesylate,428.6,0.5448,0.00678,,16.1466,RF_predicted_544model
6190-65-4,Deethylatrazine,187.6,1.511,0.486,,10.6139,RF_predicted_544model
90823-38-4,Denatonium saccharide,507.6,0.8279,0.488,,6.0587,RF_predicted_544model
35367-38-5,Diflubenzuron,310.7,3.877,0.0308,,21.5259,RF_predicted_544model
957-51-7,Diphenamid,239.3,2.808,0.301,,7.0355,RF_predicted_544model
126-00-1,Diphenolic acid,286.3,3.455,0.163,,22.6583,RF_predicted_544model
145-73-3,Endothal,186.2,1.907,0.867,,6.1588,RF_predicted_544model
17372-87-1,Eosin,691.9,4.486,0.0524,,15.1034,RF_predicted_544model
133855-98-8,Epoxiconazole,329.8,3.072,0.0575,,15.9743,RF_predicted_544model
2353-45-9,Fd&c green no. 3,808.8,4.633,0.0151,,9.3549,RF_predicted_544model
72178-02-0,Fomesafen,438.8,2.902,0.017,,10.9794,RF_predicted_544model
52806-53-8,Hydroxyflutamide,292.2,2.7,0.166,,17.3178,RF_predicted_544model
51-30-9,Isoproterenol hydrochloride,247.7,-1.184,0.609,,4.7158,RF_predicted_544model
34123-59-6,Isoproturon,206.3,2.686,0.258,,10.875,RF_predicted_544model
1166-52-5,Lauryl gallate,338.4,4.638,1e-06,,56.6093,RF_predicted_544model
129-73-7,Leucomalachite green,330.5,5.525,1e-06,,71.4876,RF_predicted_544model
51-48-9,Levothyroxine,776.9,4.927,1e-06,,13.147,RF_predicted_544model
41394-05-2,Metamitron,202.2,0.8305,0.693,,8.485,RF_predicted_544model
100-97-0,Methenamine,140.2,-0.1649,0.352,,6.8765,RF_predicted_544model
6923-22-4,Monocrotophos,223.2,-0.1994,0.898,,5.2158,RF_predicted_544model
1746-81-2,Monolinuron,214.6,2.297,0.205,,18.8169,RF_predicted_544model
4376-18-5,Monomethyl phthalate,180.2,1.139,0.372,,5.8868,RF_predicted_544model
654055-01-3,Morin hydrate,338.3,1.499,1e-06,,60.0278,RF_predicted_544model
1214-39-7,N-benzyladenine,225.3,1.567,0.138,,6.9957,RF_predicted_544model
88-12-0,N-vinyl-2-pyrrolidone,111.1,0.3681,0.953,,2.7782,RF_predicted_544model
63612-50-0,Nilutamide,317.2,3.114,0.167,,12.2205,RF_predicted_544model
59-87-0,Nitrofurazone,198.1,0.2287,0.856,,2.3975,RF_predicted_544model
125-13-3,Oxyphenisatin,317.3,3.339,0.0266,,25.3156,RF_predicted_544model
125-31-5,P-xylenol blue,410.5,4.034,0.0261,,13.1218,RF_predicted_544model
311-45-5,Paraoxon,275.2,1.981,0.46,,7.1413,RF_predicted_544model
NOCAS_48505,Pharmagsid_48505,353.8,3.169,0.0135,,46.8853,RF_predicted_544model
57-30-7,Phenobarbital sodium,254.2,-1.405,0.247,,5.9437,RF_predicted_544model
34487-61-1,Phenol red sodium salt,376.4,0.9263,0.0878,,7.4813,RF_predicted_544model
92-84-2,Phenothiazine,199.3,4.149,0.0043,,39.4554,RF_predicted_544model
81131-70-6,Pravastatin sodium,446.5,-0.2281,0.361,,12.355,RF_predicted_544model
181274-15-7,Propoxycarbazone-sodium,420.4,1.191,0.00891,,9.5063,RF_predicted_544model
129630-19-9,Pyraflufen-ethyl,413.2,3.491,0.435,,8.4811,RF_predicted_544model
989-38-8,Rhodamine 6g,479.0,1.207,1e-06,,18.9255,RF_predicted_544model
4418-26-2,Sodium dehydroacetate,190.1,-2.545,0.062,,23.6017,RF_predicted_544model
82385-42-0,Sodium saccharin hydrate,223.2,-2.005,0.698,,5.3718,RF_predicted_544model
57-68-1,Sulfamethazine,278.3,0.1913,0.175,,8.512,RF_predicted_544model
59-40-5,Sulfaquinoxaline,300.3,1.68,0.0037,,30.917,RF_predicted_544model
288104-79-0,Surinabant,522.3,5.451,1e-06,,15.9285,RF_predicted_544model
335104-84-2,Tembotrione,440.8,1.926,0.0919,,6.1706,RF_predicted_544model
1176-74-5,Tetrabromophenolphthalein ethyl ester,662.0,5.769,0.0114,,12.7764,RF_predicted_544model
1156-19-0,Tolazamide,311.4,2.687,0.065,,14.7442,RF_predicted_544model
87820-88-0,Tralkoxydim,329.4,4.461,0.169,,7.206,RF_predicted_544model
112-49-2,Triethylene glycol dimethyl ether,178.2,-0.1647,0.66,,2.3083,RF_predicted_544model
