CAS,Compound,MW,logP,Fup,Clint_RDKit_pred,log10_Clint_pred,has_SMILES,Clint_source
66441-23-4,Fenoxaprop-ethyl,361.8,4.579,0.005,112.7722,2.0522,True,RDKit_RF_544model
81406-37-3,Fluroxypyr-meptyl,367.2,4.529,0.005,109.6972,2.0402,True,RDKit_RF_544model
1166-52-5,Lauryl gallate,338.4,4.638,1e-06,73.1429,1.8642,True,RDKit_RF_544model
13301-61-6,C.i. disperse orange 37,392.2,3.178,0.00145,69.9261,1.8446,True,RDKit_RF_544model
3739-38-6,3-phenoxybenzoic acid,214.2,3.906,0.00716,69.6245,1.8428,True,RDKit_RF_544model
94-82-6,"2,4-db",249.1,3.528,0.006623,65.252,1.8146,True,RDKit_RF_544model
92-04-6,2-chloro-4-phenylphenol,204.6,4.165,1e-06,58.9497,1.7705,True,RDKit_RF_544model
99-30-9,Dichloran,207.0,2.799,0.005,57.3212,1.7583,True,RDKit_RF_544model
3118-97-6,C.i. solvent orange 7,276.3,4.442,1e-06,55.882,1.7473,True,RDKit_RF_544model
290352-28-2,Cp-634384,341.4,3.337,0.0126,54.8289,1.739,False,RDKit_RF_544model_noSMILES
88-85-7,Dinoseb,240.2,3.559,0.00043,53.8685,1.7313,True,RDKit_RF_544model
131-17-9,Diallyl phthalate,246.3,3.229,0.9621,52.7094,1.7219,True,RDKit_RF_544model
NOCAS_48505,Pharmagsid_48505,353.8,3.169,0.0135,52.0749,1.7166,False,RDKit_RF_544model_noSMILES
1194-65-6,Dichlobenil,172.0,2.741,0.06222,51.4913,1.7117,True,RDKit_RF_544model
654055-01-3,Morin hydrate,338.3,1.499,1e-06,50.8669,1.7064,False,RDKit_RF_544model_noSMILES
534-52-1,"""2-methyl-4,6-dinitrophenol""",198.1,2.131,0.002637,49.5297,1.6949,True,RDKit_RF_544model
120-36-5,Dichlorprop,235.1,2.827,0.008529,48.8981,1.6893,True,RDKit_RF_544model
74115-24-5,Clofentezine,303.2,3.1,0.005,48.7086,1.6876,True,RDKit_RF_544model
94-74-6,Mcpa,200.6,3.243,0.01797,46.559,1.668,True,RDKit_RF_544model
101-10-0,Cloprop,200.6,2.542,0.02239,46.4389,1.6669,True,RDKit_RF_544model
129-73-7,Leucomalachite green,330.5,5.525,1e-06,46.01,1.6629,True,RDKit_RF_544model
59-50-7,4-chloro-3-methylphenol,142.6,3.091,0.0723,44.3646,1.647,True,RDKit_RF_544model
3691-35-8,Chlorophacinone,374.8,4.064,1e-06,43.8699,1.6422,True,RDKit_RF_544model
51-28-5,"""2,4-dinitrophenol""",184.1,1.672,0.02723,43.3941,1.6374,True,RDKit_RF_544model
569-57-3,Chlorotrianisene,380.9,5.725,1e-06,42.9683,1.6332,True,RDKit_RF_544model
842-07-9,C.i. solvent yellow 14,248.3,3.866,0.00277,41.6008,1.6191,True,RDKit_RF_544model
90-15-3,1-naphthol,144.2,2.85,0.0682,41.5016,1.6181,True,RDKit_RF_544model
124495-18-7,Quinoxyfen,308.1,4.66,0.005,40.4736,1.6072,True,RDKit_RF_544model
90-43-7,2-phenylphenol,170.2,3.091,0.04105,39.3938,1.5954,True,RDKit_RF_544model
84-16-2,Meso-hexestrol,270.4,4.274,0.00772,38.4668,1.5851,True,RDKit_RF_544model
93-76-5,"2,4,5-trichlorophenoxyacetic acid",255.5,3.31,0.0127,38.3141,1.5834,True,RDKit_RF_544model
84087-01-4,Quinclorac,242.1,2.772,0.02799,37.8975,1.5786,True,RDKit_RF_544model
92-84-2,Phenothiazine,199.3,4.149,0.0043,36.2908,1.5598,True,RDKit_RF_544model
298-02-2,Phorate,260.4,3.693,0.0129,36.183,1.5585,True,RDKit_RF_544model
94-75-7,"2,4-d",221.0,2.809,0.04001,34.9324,1.5432,True,RDKit_RF_544model
126-73-8,Tributyl phosphate,266.3,3.997,0.03481,34.1842,1.5338,True,RDKit_RF_544model
121-14-2,"""2,4-dinitrotoluene""",182.1,1.979,0.09602,34.1614,1.5335,True,RDKit_RF_544model
122-99-6,Phenoxyethanol,138.2,1.161,0.2957,33.9475,1.5308,True,RDKit_RF_544model
10453-86-8,Resmethrin,338.4,6.14,0.005,32.0419,1.5057,True,RDKit_RF_544model
62924-70-3,Flumetralin,421.7,5.447,0.005,31.8184,1.5027,True,RDKit_RF_544model
14233-37-5,"1,4-bis(n-isopropylamino)anthraquinone",322.4,3.459,0.00728,31.69,1.5009,True,RDKit_RF_544model
57-63-6,Ethinylestradiol,296.4,3.669,0.014,31.5715,1.4993,True,RDKit_RF_544model
6893-02-3,"3,5,3'-triiodothyronine",651.0,3.769,3.46e-05,30.449,1.4836,True,RDKit_RF_544model
7173-51-5,Didecyl dimethyl ammonium chloride,362.1,2.683,0.005,29.8575,1.4751,True,RDKit_RF_544model
113-48-4,Mgk,275.4,3.7,0.005,29.6636,1.4722,True,RDKit_RF_544model
88-24-4,"2,2'-methylenebis(ethyl-6-tert-butylphenol)",368.6,7.47,0.00513,29.1784,1.4651,True,RDKit_RF_544model
99-07-0,3-dimethylaminophenol,137.2,1.561,0.242,28.4364,1.4539,True,RDKit_RF_544model
55335-06-3,Triclopyr,256.5,2.516,0.02237,27.9387,1.4462,True,RDKit_RF_544model
70-30-4,Hexachlorophene,406.9,7.538,1e-06,27.8453,1.4448,True,RDKit_RF_544model
91-64-5,Coumarin,146.1,1.391,0.1922,27.7915,1.4439,True,RDKit_RF_544model
10540-29-1,Tamoxifen,371.5,6.235,0.00165,27.2569,1.4355,True,RDKit_RF_544model
51707-55-2,Thidiazuron,220.2,1.769,0.02837,26.4198,1.4219,True,RDKit_RF_544model
51338-27-3,Diclofop-methyl,341.2,4.709,0.005,26.3124,1.4202,True,RDKit_RF_544model
156052-68-5,Zoxamide,336.6,3.759,0.01031,26.263,1.4194,True,RDKit_RF_544model
50594-66-6,Acifluorfen,361.7,3.701,0.0111,26.0335,1.4155,True,RDKit_RF_544model
19666-30-9,Oxadiazon,345.2,4.798,0.00364,26.0277,1.4155,True,RDKit_RF_544model
53-16-7,Estrone,270.4,3.132,0.0308,25.8572,1.4126,True,RDKit_RF_544model
2528-16-7,Benzyl hydrogen phthalate,256.3,2.93,0.0352,25.7366,1.4106,True,RDKit_RF_544model
110235-47-7,Mepanipyrim,223.3,3.279,0.03419,24.9904,1.3978,True,RDKit_RF_544model
51-48-9,Levothyroxine,776.9,4.927,1e-06,24.5665,1.3904,True,RDKit_RF_544model
106-47-8,4-chloroanulline,127.6,1.832,0.264,23.9584,1.3795,True,RDKit_RF_544model
1154-59-2,"3,5-dichlorosalicyl-3,4-dichloroanullide",351.0,5.109,1e-06,23.8145,1.3769,True,RDKit_RF_544model
129630-19-9,Pyraflufen-ethyl,413.2,3.491,0.435,23.7881,1.3764,True,RDKit_RF_544model
4418-26-2,Sodium dehydroacetate,190.1,-2.545,0.062,23.7406,1.3755,True,RDKit_RF_544model
115-96-8,Tris(2-chloroethyl) phosphate,285.5,1.441,0.44,23.1869,1.3653,True,RDKit_RF_544model
42874-03-3,Oxyfluorfen,361.7,4.73,0.1218,23.1301,1.3642,True,RDKit_RF_544model
59-40-5,Sulfaquinoxaline,300.3,1.68,0.0037,22.5255,1.3527,True,RDKit_RF_544model
98-86-2,Acetophenone,120.2,1.582,0.326,22.3438,1.3492,True,RDKit_RF_544model
125-13-3,Oxyphenisatin,317.3,3.339,0.0266,22.2569,1.3475,True,RDKit_RF_544model
72-20-8,Endrin,380.9,5.118,0.006423,21.5136,1.3327,True,RDKit_RF_544model
58-89-9,Lindane,290.8,3.719,0.0165,21.4464,1.3314,True,RDKit_RF_544model
608-73-1,"1,2,3,4,5,6-hexachlorocyclohexane",290.8,3.719,0.0174,21.3183,1.3288,True,RDKit_RF_544model
35554-44-0,Imazalil,297.2,3.818,0.02956,21.2727,1.3278,True,RDKit_RF_544model
90-04-0,2-anisidine,123.2,1.18,0.4532,21.2597,1.3276,True,RDKit_RF_544model
148-79-8,Thiabendazole,201.2,2.468,0.1382,21.23,1.327,True,RDKit_RF_544model
102-06-7,"""1,3-diphenylguanidine""",211.3,2.959,0.7844,21.0012,1.3223,True,RDKit_RF_544model
77501-63-4,Lactofen,461.8,4.808,0.005,20.7789,1.3176,True,RDKit_RF_544model
128-39-2,"""2,6-di-tert-butylphenol""",206.3,4.92,0.01953,20.7365,1.3168,True,RDKit_RF_544model
25057-89-0,Bentazone,240.3,2.337,0.02147,20.5985,1.3139,True,RDKit_RF_544model
117-84-0,Di-n-octyl phthalate,390.6,8.097,0.0233,20.483,1.3114,True,RDKit_RF_544model
60-57-1,Dieldrin,380.9,5.118,0.009376,20.3603,1.3088,True,RDKit_RF_544model
95-14-7,"1,2,3-benzotriazole",119.1,1.439,0.287,19.9311,1.2996,True,RDKit_RF_544model
35367-38-5,Diflubenzuron,310.7,3.877,0.0308,19.8353,1.2975,True,RDKit_RF_544model
117-81-7,Diethylhexyl phthalate (dehp),390.6,7.525,0.04558,19.4634,1.2892,True,RDKit_RF_544model
99-65-0,"1,3-dinitrobenzene",168.1,1.492,0.391,19.0438,1.2798,True,RDKit_RF_544model
145742-28-5,"""(2s,3s)-n-[2-methoxy-5-(trifluoromethoxy)benzyl]-2-phenylpiperidin-3-amine""",380.4,4.031,0.07996,18.4798,1.2667,True,RDKit_RF_544model
583-39-1,2-mercaptobenzimidazole,150.2,1.66,0.4,18.3734,1.2642,True,RDKit_RF_544model
82657-04-3,Bifenthrin,422.9,6.186,0.005,18.3524,1.2637,True,RDKit_RF_544model
288104-79-0,Surinabant,522.3,5.451,1e-06,18.3038,1.2626,False,RDKit_RF_544model_noSMILES
1024-57-3,"""heptachlor epoxide, isomer b""",389.3,5.191,0.01068,18.1623,1.2592,True,RDKit_RF_544model
95-53-4,2-methylaniline,107.2,1.322,0.713,18.1477,1.2588,True,RDKit_RF_544model
72-54-8,"""p,p'-ddd""",320.0,6.129,0.03115,17.9797,1.2548,True,RDKit_RF_544model
113136-77-9,Cyclanilide,274.1,2.683,0.984,17.9424,1.2539,True,RDKit_RF_544model
125401-92-5,Bispyribac-sodium,452.4,-1.027,0.0106,17.9078,1.2531,False,RDKit_RF_544model_noSMILES
989-38-8,Rhodamine 6g,479.0,1.207,1e-06,17.7365,1.2489,True,RDKit_RF_544model
15086-94-9,"2',4',5',7'-tetrabromofluorescein",647.9,5.861,0.003,17.7062,1.2482,True,RDKit_RF_544model
55283-68-6,Ethalfluralin,333.3,5.11,0.005,17.686,1.2477,True,RDKit_RF_544model
83657-24-3,Diniconazole,326.2,4.297,0.01947,17.5426,1.2441,True,RDKit_RF_544model
90357-06-5,Bicalutamide,430.4,3.477,0.0323,16.9643,1.2296,True,RDKit_RF_544model
68-22-4,Norethindrone,298.4,2.97,0.0516,16.7463,1.2239,True,RDKit_RF_544model
150-13-0,4-aminobenzoic acid,137.1,0.8241,0.766,16.439,1.2159,True,RDKit_RF_544model
120068-37-3,Fipronil,437.1,3.998,0.0461,16.4346,1.2158,True,RDKit_RF_544model
791-28-6,Triphenylphosphine oxide,278.3,2.835,0.101,16.4,1.2149,True,RDKit_RF_544model
1918-00-9,Dicamba,221.0,2.212,0.1802,16.3911,1.2146,True,RDKit_RF_544model
445295-04-5,Cp-671305,454.4,3.118,0.0414,16.2357,1.2105,False,RDKit_RF_544model_noSMILES
10081-67-1,4-(2-phenylpropan-2-yl)-n-[4-(2-phenylpropan-2-yl)phenyl]aniline,405.6,9.246,1e-06,16.1958,1.2094,True,RDKit_RF_544model
13080-86-9,"4,4'-(isopropylidenebis(4,1-phenyleneoxy))dianiline",410.5,6.357,1e-06,15.974,1.2034,True,RDKit_RF_544model
13292-46-1,Rifampicin,823.0,3.085,0.04344,15.7626,1.1977,False,RDKit_RF_544model_noSMILES
81-81-2,Warfarin,308.3,2.7,0.01327,15.3996,1.1875,True,RDKit_RF_544model
69-09-0,Chlorpromazine hydrochloride,355.3,1.32,0.0235,15.3616,1.1865,True,RDKit_RF_544model
2212-67-1,Molinate,187.3,3.209,0.09714,15.3557,1.1863,True,RDKit_RF_544model
1702-17-6,Clopyralid,192.0,1.062,0.438,15.3557,1.1863,True,RDKit_RF_544model
131-70-4,Monobutyl phthalate,222.2,2.372,0.2077,15.3366,1.1858,True,RDKit_RF_544model
4376-18-5,Monomethyl phthalate,180.2,1.139,0.372,15.2968,1.1846,True,RDKit_RF_544model
123343-16-8,Pyrithiobac-sodium,348.7,0.6002,0.0334,15.0567,1.1778,True,RDKit_RF_544model
17372-87-1,Eosin,691.9,4.486,0.0524,14.6078,1.1646,True,RDKit_RF_544model
72178-02-0,Fomesafen,438.8,2.902,0.017,14.5575,1.1631,True,RDKit_RF_544model
1912-24-9,Atrazine,215.7,2.611,0.1237,14.4487,1.1599,True,RDKit_RF_544model
1746-81-2,Monolinuron,214.6,2.297,0.205,14.3486,1.1568,True,RDKit_RF_544model
155569-91-8,Emamectin benzoate,1008.0,5.0,0.001379,14.046,1.1476,True,RDKit_RF_544model
50-55-5,Reserpine,608.7,2.57,0.005994,14.0153,1.1466,True,RDKit_RF_544model
50-78-2,Aspirin,180.2,1.193,0.532,13.3179,1.1245,True,RDKit_RF_544model
17321-77-6,Clomipramine hydrochloride,351.3,1.822,0.041,13.0701,1.1163,True,RDKit_RF_544model
115-29-7,Endosulfan,406.9,3.828,0.11,13.0569,1.1159,True,RDKit_RF_544model
1176-74-5,Tetrabromophenolphthalein ethyl ester,662.0,5.769,0.0114,12.8704,1.1096,True,RDKit_RF_544model
3855-32-1,"2,6,10-trimethyl-2,6,10-triazaundecane",201.4,0.2133,0.0383,12.7854,1.1067,True,RDKit_RF_544model
311-45-5,Paraoxon,275.2,1.981,0.46,12.457,1.0954,True,RDKit_RF_544model
55219-65-3,Triadimenol,295.8,2.901,0.1258,12.3882,1.093,True,RDKit_RF_544model
1897-45-6,Chlorothalonil,265.9,2.976,0.378,12.1144,1.0833,True,RDKit_RF_544model
62625-32-5,Bromocresol green sodium salt,720.0,1.581,0.00511,12.0585,1.0813,True,RDKit_RF_544model
125-31-5,P-xylenol blue,410.5,4.034,0.0261,11.9564,1.0776,True,RDKit_RF_544model
1007-28-9,6-desisopropylatrazine,173.6,1.15,0.4588,11.8743,1.0746,True,RDKit_RF_544model
139340-56-0,Darbufelone mesylate,428.6,0.5448,0.00678,11.8132,1.0724,True,RDKit_RF_544model
1563-38-8,"2,3-dihydro-2,2-dimethyl-7-benzofuranol",164.2,2.083,0.364,11.7355,1.0695,True,RDKit_RF_544model
54-31-9,Furosemide,330.7,2.029,0.012,11.7006,1.0682,True,RDKit_RF_544model
21564-17-0,2-(thiocyanomethylthio)benzothiazole,238.3,3.299,0.331,11.5112,1.0612,True,RDKit_RF_544model
54965-24-1,Tamoxifen citrate,563.6,0.8373,0.0012,11.3866,1.0564,True,RDKit_RF_544model
1156-19-0,Tolazamide,311.4,2.687,0.065,11.3517,1.0551,True,RDKit_RF_544model
133855-98-8,Epoxiconazole,329.8,3.072,0.0575,11.2164,1.0499,True,RDKit_RF_544model
1445-75-6,Diisopropyl methylphosphonate (dimp),180.2,1.034,0.9727,11.2087,1.0496,True,RDKit_RF_544model
116-06-3,Aldicarb,190.3,1.129,0.4809,11.0903,1.045,True,RDKit_RF_544model
104206-82-8,Mesotrione,339.3,0.783,0.3548,10.9542,1.0396,True,RDKit_RF_544model
34123-59-6,Isoproturon,206.3,2.686,0.258,10.6762,1.0285,True,RDKit_RF_544model
126-00-1,Diphenolic acid,286.3,3.455,0.163,10.6495,1.0274,True,RDKit_RF_544model
2243-62-1,"""1,5-diaminonaphthalene""",158.2,0.8928,0.6333,10.4937,1.021,True,RDKit_RF_544model
145-73-3,Endothal,186.2,1.907,0.867,10.2769,1.0119,True,RDKit_RF_544model
249296-43-3,Cj-013610,489.6,0.4695,0.0645,10.0788,1.0035,False,RDKit_RF_544model_noSMILES
114-07-8,Erythromycin,733.9,3.06,0.5653,9.9712,0.9988,True,RDKit_RF_544model
25316-40-9,Adriamycin hydrochloride,580.0,1.473,0.157,9.882,0.9949,True,RDKit_RF_544model
66215-27-8,Cyromazine,166.2,0.8033,0.9352,9.855,0.9937,True,RDKit_RF_544model
181274-15-7,Propoxycarbazone-sodium,420.4,1.191,0.00891,9.5154,0.9785,True,RDKit_RF_544model
6153-64-6,Oxytetracycline dihydrate,496.5,-3.97,0.3982,9.4796,0.9768,True,RDKit_RF_544model
2353-45-9,Fd&c green no. 3,808.8,4.633,0.0151,9.2574,0.9665,True,RDKit_RF_544model
131-11-3,Dimethyl phthalate,194.2,1.584,0.656,9.239,0.9657,True,RDKit_RF_544model
56-95-1,Chlorhexidine diacetate,625.6,1.33,0.00236,9.1126,0.9597,True,RDKit_RF_544model
119-93-7,O-tolidine,212.3,2.34,0.1427,9.073,0.9578,True,RDKit_RF_544model
52806-53-8,Hydroxyflutamide,292.2,2.7,0.166,9.0469,0.9566,True,RDKit_RF_544model
957-51-7,Diphenamid,239.3,2.808,0.301,9.0049,0.9545,True,RDKit_RF_544model
199119-58-9,Trifloxysulfuron-sodium,459.3,0.8201,0.00376,8.981,0.9534,True,RDKit_RF_544model
63612-50-0,Nilutamide,317.2,3.114,0.167,8.9524,0.952,True,RDKit_RF_544model
584-79-2,"D-cis,trans-allethrin",302.4,4.78,0.2902,8.8961,0.9492,True,RDKit_RF_544model
25956-17-6,Allura red c.i.16035,496.4,2.328,0.0137,8.7752,0.9433,True,RDKit_RF_544model
6190-65-4,Deethylatrazine,187.6,1.511,0.486,8.7751,0.9433,True,RDKit_RF_544model
147-24-0,Diphenhydramine hydrochloride,291.8,0.3888,0.4131,8.7556,0.9423,True,RDKit_RF_544model
20830-75-5,Digoxin,780.9,1.263,0.7,8.4862,0.9288,True,RDKit_RF_544model
80-09-1,"4,4'-sulfonyldiphenol",250.3,-0.1034,0.0576,8.4643,0.9276,True,RDKit_RF_544model
219714-96-2,Penoxsulam,483.4,2.482,0.01009,8.4536,0.9271,True,RDKit_RF_544model
335104-84-2,Tembotrione,440.8,1.926,0.0919,8.4301,0.9259,False,RDKit_RF_544model_noSMILES
98886-44-3,Fosthiazate,283.3,1.681,0.4599,8.4298,0.9259,True,RDKit_RF_544model
135410-20-7,Acetamiprid,222.7,1.834,0.5732,8.3054,0.9194,True,RDKit_RF_544model
59-05-2,Methotrexate,454.4,-1.847,0.432,8.2614,0.9171,True,RDKit_RF_544model
314-40-9,Bromacil,261.1,2.109,0.0852,8.2375,0.9159,True,RDKit_RF_544model
100784-20-1,Halosulfuron-methyl,434.8,-0.01661,0.009462,7.9353,0.8996,True,RDKit_RF_544model
57837-19-1,Metalaxyl,279.3,1.65,0.7306,7.8822,0.8967,True,RDKit_RF_544model
60-54-8,Tetracycline,444.4,-1.295,0.468,7.8706,0.8961,True,RDKit_RF_544model
43222-48-6,Difenzoquat metilsulfate,360.4,0.5632,0.8513,7.7975,0.892,True,RDKit_RF_544model
82385-42-0,Sodium saccharin hydrate,223.2,-2.005,0.698,7.6285,0.8825,True,RDKit_RF_544model
20325-40-0,"3,3'-dimethoxybenzidine dihydrochloride",317.2,-0.2588,0.201,7.6159,0.8818,True,RDKit_RF_544model
66230-04-4,Esfenvalerate,419.9,6.2,1e-06,7.605,0.8812,True,RDKit_RF_544model
57754-85-5,Clopyralid-olamine,253.1,1.453,0.464,7.5841,0.88,True,RDKit_RF_544model
6055-19-2,Cyclophosphamide monohydrate,279.1,1.304,0.772,7.5806,0.8798,True,RDKit_RF_544model
87820-88-0,Tralkoxydim,329.4,4.461,0.169,7.5375,0.8773,False,RDKit_RF_544model_noSMILES
184653-84-7,Carabersat,357.4,3.204,0.187,7.4276,0.8709,True,RDKit_RF_544model
2058-46-0,Oxytetracycline hydrochloride,496.9,-1.034,0.6283,7.1915,0.8569,True,RDKit_RF_544model
81131-70-6,Pravastatin sodium,446.5,-0.2281,0.361,7.1149,0.8522,True,RDKit_RF_544model
34487-61-1,Phenol red sodium salt,376.4,0.9263,0.0878,6.9939,0.8448,True,RDKit_RF_544model
1918-02-1,Picloram,241.4,1.899,0.23,6.9774,0.8438,True,RDKit_RF_544model
21725-46-2,Cyanazine,240.7,2.221,0.3155,6.7893,0.8319,True,RDKit_RF_544model
153719-23-4,Thiamethoxam,291.7,-0.1191,0.8286,6.7377,0.8286,True,RDKit_RF_544model
173159-57-4,Foramsulfuron,452.4,0.7454,0.0649,6.6169,0.8207,True,RDKit_RF_544model
101-80-4,"""4,4'-oxydianiline""",200.2,1.364,0.3284,6.5838,0.8185,True,RDKit_RF_544model
446-86-6,Azathioprine,277.3,0.101,0.32,6.5824,0.8184,True,RDKit_RF_544model
1214-39-7,N-benzyladenine,225.3,1.567,0.138,6.3323,0.8016,True,RDKit_RF_544model
1563-66-2,Carbofuran,221.3,1.974,0.4213,6.3129,0.8003,True,RDKit_RF_544model
97780-06-8,Ethametsulfuron methyl,410.4,1.59,0.01566,6.1243,0.7871,True,RDKit_RF_544model
90823-38-4,Denatonium saccharide,507.6,0.8279,0.488,6.1242,0.7871,True,RDKit_RF_544model
51-30-9,Isoproterenol hydrochloride,247.7,-1.184,0.609,6.1024,0.7856,True,RDKit_RF_544model
141-66-2,Dicrotophos,237.2,0.0002994,0.8457,6.056,0.7823,True,RDKit_RF_544model
57-68-1,Sulfamethazine,278.3,0.1913,0.175,5.9118,0.7718,True,RDKit_RF_544model
76824-35-6,Famotidine,337.4,-0.6389,0.84,5.8698,0.7687,True,RDKit_RF_544model
23135-22-0,Oxamyl,219.3,-0.4706,0.7926,5.6445,0.7517,True,RDKit_RF_544model
1698-60-8,Chloridazon,221.6,1.172,0.4273,5.6342,0.7509,True,RDKit_RF_544model
57-30-7,Phenobarbital sodium,254.2,-1.405,0.247,5.6162,0.7495,True,RDKit_RF_544model
30560-19-1,Acephate,183.2,-0.8482,0.8684,5.4475,0.7363,True,RDKit_RF_544model
58-93-5,Hydrochlorothiazide,297.7,-0.07002,0.274,5.4396,0.7356,True,RDKit_RF_544model
73-31-4,Melatonin,232.3,0.6118,0.498,5.3169,0.7257,True,RDKit_RF_544model
67-20-9,Nitrofurantoin,238.2,-0.4691,0.415,5.251,0.7203,True,RDKit_RF_544model
159138-81-5,Cariporide mesylate,379.4,0.5727,0.451,5.026,0.7013,True,RDKit_RF_544model
77-06-5,Gibberellic_acid,346.4,0.2422,0.24,4.9725,0.6967,True,RDKit_RF_544model
396-01-0,Triamterene,253.3,0.9803,0.333,4.9309,0.693,True,RDKit_RF_544model
4291-63-8,2-chloro-2'-deoxyadenosine,285.7,0.01732,0.9848,4.7678,0.6784,True,RDKit_RF_544model
119-90-4,"3,3'-dimethoxybenzidine",244.3,1.813,0.3343,4.766,0.6782,True,RDKit_RF_544model
6923-22-4,Monocrotophos,223.2,-0.1994,0.898,4.5785,0.6608,True,RDKit_RF_544model
1646-88-4,Aldoxycarb,222.3,-0.5679,0.948,4.5768,0.6607,True,RDKit_RF_544model
2321-07-5,Fluorescein,332.3,2.531,0.151,4.5574,0.6588,True,RDKit_RF_544model
41394-05-2,Metamitron,202.2,0.8305,0.693,4.5571,0.6588,True,RDKit_RF_544model
54-62-6,Aminopterin,440.4,-0.05046,0.75,4.533,0.6565,True,RDKit_RF_544model
104098-48-8,Imazapic,275.3,2.464,0.5468,4.467,0.6501,True,RDKit_RF_544model
69655-05-6,Didanosine,236.2,-1.238,0.951,4.3018,0.6337,True,RDKit_RF_544model
3337-71-1,Asulam,230.2,-0.2672,0.456,4.1767,0.6209,True,RDKit_RF_544model
122931-48-0,Rimsulfuron,431.4,0.2909,0.6278,4.0477,0.6073,True,RDKit_RF_544model
15676-16-1,Sulpiride,341.4,0.5712,1.0,3.6464,0.562,True,RDKit_RF_544model
80-08-0,Dapsone,248.3,0.9717,0.295,3.5599,0.5516,True,RDKit_RF_544model
112-49-2,Triethylene glycol dimethyl ether,178.2,-0.1647,0.66,3.4942,0.5435,True,RDKit_RF_544model
114311-32-9,Imazamox,305.3,0.7307,0.4548,3.2503,0.5121,True,RDKit_RF_544model
59-87-0,Nitrofurazone,198.1,0.2287,0.856,3.1164,0.4938,True,RDKit_RF_544model
110-26-9,"""n,n'-methylenebis(acrylamide)""",154.2,-0.6668,1.0,3.0555,0.4852,True,RDKit_RF_544model
81334-34-1,Imazapyr,261.3,0.2237,0.9231,3.0538,0.485,True,RDKit_RF_544model
112-50-5,2-[2-(2-ethoxyethoxy)ethoxy]ethanol,178.2,0.03197,1.0,2.5204,0.4016,True,RDKit_RF_544model
154-42-7,6-thioguanine,167.2,-0.06896,0.804,2.3755,0.3759,True,RDKit_RF_544model
100-97-0,Methenamine,140.2,-0.1649,0.352,2.3561,0.3724,True,RDKit_RF_544model
88-12-0,N-vinyl-2-pyrrolidone,111.1,0.3681,0.953,1.9837,0.2977,True,RDKit_RF_544model
105-60-2,Caprolactam,113.2,-1.193,0.761,0.7897,-0.102,True,RDKit_RF_544model
