CAS,Chemical,Clint_ref_uL,Clint_p2_5,Clint_median,Clint_p97_5,AED_p2_5,AED_median,AED_p97_5,BER_p2_5,BER_median,BER_p97_5,Exposure_mg_kg_day
2971-36-0,"2,2-bis(4-hydroxyphenyl)-1,1,1-trichloroethane (hpte)",136.5,16.108,23.935,47.069,1.500711,1.552656,1.604013,,,,
71751-41-2,Abamectin,5.24,3.503,8.963,22.181,0.286621,0.289097,0.295576,,,,
34256-82-1,Acetochlor,84.71,8.861,14.264,22.407,6.170552,6.17913,6.193523,,,,
15972-60-8,Alachlor,62.9,12.844,18.532,27.478,3.650898,3.655098,3.66081,,,,
834-12-8,Ametryn,14.7,38.888,82.553,230.305,0.034633,0.035223,0.036255,,,,
33089-61-1,Amitraz,33.3,17.918,28.016,48.647,0.140616,0.207138,0.29554,,,,
101-05-3,Anilazine,22.5,30.588,57.357,114.805,0.170932,0.1735,0.177991,,,,
86-50-0,Azinphos-methyl,32.63,6.08,9.119,14.076,6.502213,6.512455,6.526994,,,,
131860-33-8,Azoxystrobin,32.39,5.954,8.794,13.602,1.414422,1.424716,1.438612,,,,
22781-23-3,Bendiocarb,21.66,3.006,5.674,9.745,3.076667,3.086666,3.107919,,,,
83055-99-6,Bensulfuron-methyl,1.65,6.122,9.055,16.814,0.022548,0.023597,0.024687,,,,
741-58-2,Bensulide,250.3,29.764,67.103,165.471,3.261023,3.302213,3.38914,,,,
149877-41-8,Bifenazate,41.15,9.941,41.584,396.054,4.185623,4.185623,4.185836,,,,
80-05-7,Bisphenol-a,19.9,20.638,32.508,52.101,0.106105,0.106383,0.106807,,,,
188425-85-6,Boscalid,17.28,10.978,16.875,26.064,0.508271,0.511141,0.515513,,,,
1689-84-5,Bromoxynil,7.866,4.165,7.122,11.086,5.199649,5.204206,5.213249,,,,
69327-76-0,Buprofezin,18.47,27.17,50.816,96.658,0.011144,0.01316,0.01686,,,,
23184-66-9,Butachlor,100.8,21.032,36.335,72.866,1.062398,1.087425,1.123748,,,,
33629-47-9,Butralin,31.35,16.647,24.707,35.021,0.287947,0.293662,0.303057,,,,
2008-41-5,Butylate,52.51,24.646,34.802,48.611,0.345691,0.350453,0.357361,,,,
63-25-2,Carbaryl,27.27,5.836,10.783,24.79,5.941693,5.942703,5.948595,,,,
5234-68-4,Carboxin,24.41,4.277,7.19,12.007,2.775843,2.783546,2.796625,,,,
54593-83-8,Chlorethoxyfos,617.0,32.33,66.422,149.2,7.959421,8.104761,8.381006,,,,
101-21-3,Chlorpropham,78.1,14.855,26.69,38.42,3.833806,3.838395,3.850371,,,,
5598-13-0,Chlorpyrifos-methyl,24.1,27.783,54.623,107.805,0.220432,0.223857,0.230564,,,,
87818-31-3,Cinmethylin,28.17,19.892,28.502,39.483,0.256581,0.260772,0.267296,,,,
81777-89-1,Clomazone,3.038,5.682,9.417,15.709,0.366017,0.366799,0.368083,,,,
210880-92-5,Clothianidin,10.73,3.723,6.453,10.197,4.122346,4.126393,4.134475,,,,
56-72-4,Coumaphos,31.7,31.497,63.347,134.831,0.276846,0.399721,0.634089,,,,
1134-23-2,Cycloate,34.48,24.724,33.304,46.513,0.133512,0.13543,0.137775,,,,
94361-06-5,Cyproconazole,1.538,7.274,11.238,17.002,0.187564,0.188017,0.188746,,,,
121552-61-2,Cyprodinil,37.77,24.661,33.585,45.359,0.082142,0.08452,0.087835,,,,
533-74-4,Dazomet,12.42,2.29,5.496,9.888,8.276248,8.282724,8.30337,,,,
333-41-5,Diazinon,30.5,14.627,20.143,30.201,1.122082,1.12623,1.130928,,,,
962-58-3,Diazoxon,34.62,4.922,7.651,11.899,13.735212,13.752309,13.778863,,,,
145701-21-9,Diclosulam,3.442,6.758,9.987,23.323,0.027485,0.029492,0.031168,,,,
115-32-2,Dicofol,27.8,16.914,32.169,119.099,0.025311,0.054261,0.090034,,,,
134-62-3,Diethyltoluamide,3.797,6.977,13.912,29.13,0.706093,0.706633,0.70787,,,,
119446-68-3,Difenoconazole,30.6,19.21,40.725,103.976,0.739285,0.747617,0.762959,,,,
87674-68-8,Dimethenamid,19.92,5.528,8.528,13.216,3.650996,3.656707,3.665444,,,,
60-51-5,Dimethoate,3.682,3.018,6.628,11.357,3.482423,3.483696,3.489383,,,,
110488-70-5,Dimethomorph,20.3,6.085,9.083,14.556,2.50148,2.511021,2.523519,,,,
122-39-4,Diphenylamine,64.57,20.196,28.707,44.113,0.21344,0.219012,0.225736,,,,
97886-45-8,Dithiopyr,13.25,14.927,22.015,87.519,0.143498,0.151859,0.157165,,,,
330-54-1,Diuron,12.15,7.905,16.42,29.143,1.048781,1.050287,1.054005,,,,
759-94-4,Eptc,80.36,38.184,104.764,393.744,0.347214,0.351448,0.361507,,,,
26225-79-6,Ethofumesate,17.64,6.894,10.408,15.924,2.127862,2.132557,2.139465,,,,
13194-48-4,Ethoprop,20.95,13.239,18.973,27.693,0.611488,0.612433,0.613735,,,,
153233-91-1,Etoxazole,18.48,24.789,46.218,87.438,0.165215,0.168104,0.1734,,,,
2593-15-9,Etridiazole,127.0,38.688,79.066,185.393,0.75207,0.761518,0.778712,,,,
161326-34-7,Fenamidone,17.74,8.292,15.281,25.413,0.332398,0.335467,0.341954,,,,
22224-92-6,Fenamiphos,62.11,12.464,18.43,25.474,2.683016,2.691449,2.706048,,,,
60168-88-9,Fenarimol,3.788,13.647,19.019,28.182,0.104558,0.104981,0.105492,,,,
114369-43-6,Fenbuconazole,21.7,14.866,22.831,36.353,0.781684,0.787531,0.795952,,,,
126833-17-8,Fenhexamid,35.27,13.478,18.425,25.612,1.851508,1.855792,1.861395,,,,
122-14-5,Fenitrothion,10.02,28.787,52.361,100.694,0.058427,0.059347,0.060918,,,,
72490-01-8,Fenoxycarb,23.1,26.529,50.337,92.997,0.153336,0.156967,0.164071,,,,
55-38-9,Fenthion,87.2,20.355,33.835,61.224,1.071055,1.076637,1.084901,,,,
79241-46-6,Fluazifop-p-butyl,234.4,35.005,79.295,203.159,2.703574,2.739606,2.81438,,,,
79622-59-6,Fluazinam,24.76,10.066,16.758,27.368,0.101768,0.106169,0.113714,,,,
131341-86-1,Fludioxonil,37.05,21.183,30.697,42.57,0.217891,0.222459,0.229814,,,,
142459-58-3,Flufenacet,29.0,6.177,9.395,15.419,7.243429,7.262499,7.287934,,,,
98967-40-9,Flumetsulam,7.521,7.762,15.363,35.682,0.269439,0.274424,0.282994,,,,
103361-09-7,Flumioxazin,8.336,9.092,14.276,26.107,0.333519,0.336777,0.340876,,,,
2164-17-2,Fluometuron,10.06,6.476,10.198,16.847,1.432068,1.433935,1.436655,,,,
361377-29-9,Fluoxastrobin,16.35,8.869,15.415,23.402,0.432694,0.434984,0.439935,,,,
69377-81-7,Fluroxypyr,1.791,2.707,5.313,9.65,0.206893,0.20854,0.212071,,,,
85509-19-9,Flusilazole,6.959,15.156,21.704,35.739,0.132216,0.132933,0.133721,,,,
66332-96-5,Flutolanil,14.17,18.19,30.687,57.31,0.218209,0.219731,0.221982,,,,
68157-60-8,Forchlorfenuron,26.87,18.234,29.823,53.702,0.458461,0.460617,0.463699,,,,
23422-53-9,Formetanate hydrochloride,13.72,2.024,5.618,10.894,13.44878,13.458943,13.500872,,,,
79983-71-4,Hexaconazole,16.22,14.496,19.888,30.052,0.320624,0.321778,0.323048,,,,
51235-04-2,Hexazinone,6.361,4.198,7.026,10.875,2.522656,2.524465,2.527909,,,,
78587-05-0,Hexythiazox,110.4,18.741,35.087,64.999,0.890643,0.91053,0.948221,,,,
119515-38-7,Icaridin,12.56,7.571,12.313,22.678,1.632719,1.63458,1.637131,,,,
81335-37-7,Imazaquin,2.457,4.766,7.54,12.059,0.520796,0.522284,0.524596,,,,
81335-77-5,Imazethapyr,2.351,3.985,6.654,10.358,1.742253,1.745071,1.750353,,,,
138261-41-3,Imidacloprid,2.807,3.335,6.069,9.84,1.471015,1.472251,1.474895,,,,
173584-44-6,Indoxacarb,31.36,10.5,18.343,26.193,0.563509,0.578598,0.616201,,,,
144550-36-7,Iodosulfuron-methyl-sodium,5.691,4.737,8.894,16.085,0.058072,0.061604,0.068537,,,,
36734-19-7,Iprodione,11.7,19.104,32.588,55.513,0.05279,0.053923,0.055861,,,,
42509-80-8,Isazofos,19.53,13.248,18.398,26.507,0.498357,0.499459,0.50086,,,,
82558-50-7,Isoxaben,17.7,12.158,17.587,24.737,0.738712,0.740182,0.742455,,,,
141112-29-0,Isoxaflutole,20.42,8.967,15.233,32.755,0.519817,0.529305,0.541701,,,,
330-55-2,Linuron,33.05,12.657,19.068,28.705,1.417538,1.419608,1.422731,,,,
121-75-5,Malathion,368.0,6.473,10.106,15.288,195.837227,196.23168,196.88465,,,,
208465-21-8,Mesosulfuron-methyl,5.452,5.467,12.315,26.469,0.044881,0.048077,0.055563,,,,
950-37-8,Methidathion,3.924,5.273,8.162,12.619,1.329917,1.331786,1.334684,,,,
72-43-5,Methoxychlor,12.5,13.866,19.129,26.606,0.17488,0.176168,0.177909,,,,
161050-58-4,Methoxyfenozide,16.2,10.322,15.564,23.281,0.539262,0.540893,0.543391,,,,
298-00-0,Methyl parathion,14.19,11.073,22.795,39.363,0.387798,0.38999,0.395506,,,,
51218-45-2,Metolachlor,35.37,8.401,13.07,20.16,4.524747,4.530734,4.540199,,,,
21087-64-9,Metribuzin,1.067,4.51,7.186,11.395,0.463817,0.464252,0.46495,,,,
74223-64-6,Metsulfuron-methyl,2.319,5.966,8.719,13.639,0.375345,0.376912,0.378916,,,,
7786-34-7,Mevinphos,4.7,2.871,5.579,9.232,4.451978,4.456067,4.465818,,,,
88671-89-0,Myclobutanil,16.4,7.751,12.683,20.27,0.887035,0.889736,0.894327,,,,
15299-99-7,Napropamide,15.15,28.844,56.935,110.396,0.058888,0.05975,0.061484,,,,
50-65-7,Niclosamide,12.0,25.278,45.689,82.965,0.07305,0.07428,0.07649,,,,
27314-13-2,Norflurazon,11.09,6.511,9.852,15.118,1.504289,1.506807,1.510516,,,,
19044-88-3,Oryzalin,20.2,23.675,45.197,85.555,0.176128,0.179405,0.185719,,,,
144651-06-9,Oxasulfuron,3.107,4.684,7.645,11.743,0.348831,0.351091,0.355185,,,,
76738-62-0,Paclobutrazol,7.14,8.723,13.414,20.994,0.466407,0.467118,0.468178,,,,
56-38-2,Parathion,6.65,14.669,20.176,29.943,0.203827,0.204542,0.205365,,,,
40487-42-1,Pendimethalin,7.214,17.663,25.997,41.441,0.050489,0.051703,0.05324,,,,
52645-53-1,Permethrin,68.4,13.921,28.041,61.68,0.672432,1.145373,2.025031,,,,
2310-17-0,Phosalone,25.1,34.692,74.97,174.203,0.423459,0.428047,0.437399,,,,
51-03-6,Piperonyl butoxide,76.01,27.039,55.173,114.185,0.786146,0.798826,0.824354,,,,
23103-98-2,Pirimicarb,22.53,2.786,5.349,9.937,2.595774,2.607704,2.63147,,,,
29232-93-7,Pirimiphos-methyl,49.7,24.73,44.879,81.61,1.042691,1.049458,1.061709,,,,
67747-09-5,Prochloraz,16.4,17.239,32.925,75.016,0.285463,0.287354,0.290421,,,,
29091-21-2,Prodiamine,7.216,28.408,59.441,119.305,0.063194,0.064113,0.066114,,,,
1610-18-0,Prometon,8.17,23.93,37.242,67.231,0.189224,0.189906,0.190757,,,,
7287-19-6,Prometryn,35.78,39.262,82.574,197.531,0.150626,0.152466,0.155953,,,,
25606-41-1,Propamocarb hydrochloride,5.815,1.972,4.65,8.958,4.730546,4.735611,4.749906,,,,
709-98-8,Propanil,11.3,16.754,27.114,41.648,0.446183,0.446885,0.448129,,,,
139-40-2,Propazine,14.6,18.636,30.671,47.344,0.294872,0.295679,0.297158,,,,
31218-83-4,Propetamphos,16.24,26.999,47.82,86.039,0.201167,0.202819,0.205687,,,,
114-26-1,Propoxur,6.899,2.736,5.607,10.202,1.034542,1.037894,1.045701,,,,
23950-58-5,Propyzamide,5.4,13.498,19.238,26.949,0.250965,0.251445,0.25216,,,,
94125-34-5,Prosulfuron,10.37,5.301,8.318,14.513,0.079572,0.085943,0.09444,,,,
123312-89-0,Pymetrozine,8.611,1.51,4.173,8.477,4.878078,4.883288,4.901391,,,,
175013-18-0,Pyraclostrobin,53.93,26.557,56.213,121.557,0.205841,0.216232,0.237817,,,,
96489-71-3,Pyridaben,63.93,16.141,31.363,70.088,0.648679,0.668171,0.701442,,,,
53112-28-0,Pyrimethanil,43.89,31.387,62.517,178.457,0.406958,0.409161,0.412524,,,,
95737-68-1,Pyriproxyfen,16.86,27.942,52.43,100.53,0.027752,0.029979,0.034059,,,,
83-79-4,Rotenone,28.31,26.914,62.121,142.369,0.268251,0.274391,0.288639,,,,
28434-00-6,s-bioallethrin,45.9,17.237,24.594,34.624,0.080956,0.104604,0.139445,,,,
74051-80-2,Sethoxydim,11.87,13.964,19.377,29.571,0.286108,0.286916,0.287826,,,,
122-34-9,Simazine,6.326,7.159,14.84,31.858,1.000147,1.001216,1.003436,,,,
118134-30-8,Spiroxamine,3.353,16.959,24.016,33.485,0.03767,0.03835,0.039349,,,,
122836-35-5,Sulfentrazone,5.715,1.945,5.612,11.184,5.494542,5.497655,5.513885,,,,
112410-23-8,Tebufenozide,22.4,14.883,23.802,51.958,0.546824,0.55003,0.553575,,,,
119168-77-3,Tebufenpyrad,15.94,32.062,66.487,148.06,0.15332,0.155515,0.159793,,,,
96182-53-5,Tebupirimfos,22.64,23.016,39.837,69.216,0.179407,0.182667,0.188279,,,,
34014-18-1,Tebuthiuron,5.282,4.519,7.372,11.485,1.458381,1.459863,1.462476,,,,
79538-32-2,Tefluthrin,24.81,6.056,8.905,17.178,0.20796,0.225805,0.243239,,,,
149979-41-9,Tepraloxydim,3.349,5.192,8.591,14.501,0.175781,0.175971,0.176276,,,,
5902-51-2,Terbacil,2.272,3.021,6.224,12.749,0.251038,0.25278,0.256388,,,,
7696-12-0,Tetramethrin,37.6,17.746,29.024,74.225,0.370104,0.383368,0.397209,,,,
111988-49-9,Thiacloprid,2.574,2.955,5.403,9.173,0.697753,0.699372,0.702634,,,,
117718-60-2,Thiazopyr,41.5,22.025,44.812,96.262,0.791737,0.798926,0.812844,,,,
28249-77-6,Thiobencarb,233.0,36.203,75.161,176.438,0.095223,0.137732,0.217425,,,,
23564-05-8,Thiophanate-methyl,2.469,3.357,6.074,9.939,1.365508,1.367294,1.371011,,,,
43121-43-3,Triadimefon,14.59,7.189,10.751,16.53,1.670476,1.674615,1.680481,,,,
82097-50-5,Triasulfuron,14.58,4.757,7.838,12.855,0.512086,0.52148,0.537067,,,,
78-48-8,Tribufos,125.1,17.56,35.73,77.838,1.289321,1.291882,1.296782,,,,
3380-34-5,Triclosan,27.8,17.914,26.275,36.423,0.301337,0.307517,0.317868,,,,
68694-11-1,Triflumizole,19.6,7.779,15.106,41.701,0.344871,0.35967,0.381531,,,,
126535-15-7,Triflusulfuron-methyl,14.47,4.741,10.721,20.571,11.843563,11.857591,11.894542,,,,
131983-72-7,Triticonazole,6.118,8.089,12.427,19.418,0.363021,0.363688,0.364682,,,,
50471-44-8,Vinclozolin,18.34,6.456,11.212,25.871,2.761046,2.761908,2.764577,,,,
101-54-2,"""n-phenyl-1,4-benzenediamine""",15.59,16.06,32.509,52.966,1.370224,1.371215,1.373843,,,,
101-61-1,"""4,4'-methylenebis(n,n-dimethylaniline)""",18.85,37.039,73.768,174.987,0.025405,0.026907,0.029483,,,,
101-86-0,2-benzylideneoctanal,14.36,23.703,34.831,51.629,0.134236,0.135335,0.136921,,,,
102-27-2,N-ethyl-3-methylaniline,13.12,15.683,24.571,41.746,0.90209,0.903022,0.904306,,,,
103-23-1,Di(2-ethylhexyl)adipate,13.56,11.08,28.46,102.004,0.151955,0.152825,0.154717,,,,
103-24-2,Azelaic acid di(2-ethylhexyl) ester,3.152,0.813,5.884,63.751,0.036653,0.038227,0.049049,,,,
103-90-2,Acetaminophen,0.36,2.005,5.242,10.019,0.388213,0.388512,0.389624,,,,
104-67-6,5-heptyldihydro-2(3h)-furanone,9.47,17.501,29.444,40.3,0.360522,0.360939,0.361994,,,,
105-99-7,Dibutyl hexanedioate,14.03,4.436,20.461,104.89,0.554267,0.554267,0.555571,,,,
10605-21-7,Methyl 1h-benzimidazol-2-ylcarbamate,24.0,4.873,8.171,14.386,6.417202,6.423281,6.432808,,,,
106-44-5,4-methylphenol,39.66,7.911,18.276,37.181,6.313048,6.315991,6.328117,,,,
106-65-0,Dimethyl succinate,364.4,2.042,5.547,10.664,1967.920757,1969.051191,1974.369232,,,,
107534-96-3,Tebuconazole,5.278,13.345,18.262,25.172,0.159602,0.159918,0.160342,,,,
108-46-3,Resorcinol,14.48,2.761,6.518,14.342,5.239497,5.243682,5.256505,,,,
108-95-2,Phenol,5.496,4.201,10.425,30.141,1.441248,1.441754,1.444638,,,,
111-21-7,Triethylene glycol diacetate,206.0,2.202,5.193,9.39,1004.496124,1005.339564,1007.903734,,,,
1119-40-0,Dimethyl glutarate,46.3,2.476,5.375,9.95,39.158595,39.200447,39.306995,,,,
115-86-6,Triphenyl phosphate,26.44,31.731,63.458,134.751,0.139354,0.142836,0.149416,,,,
119-61-9,Benzophenone,9.134,21.482,29.715,39.866,0.366383,0.366801,0.36743,,,,
120-47-8,Ethylparaben,57.24,21.518,33.75,52.302,3.879528,3.882895,3.88829,,,,
120-71-8,P-cresidine,19.53,10.872,26.723,53.163,3.124169,3.124169,3.127251,,,,
121-00-6,2-tert-butyl-4-methoxy-phenol,7.06,20.246,29.348,38.984,0.280176,0.280461,0.280979,,,,
123122-55-4,Candoxatril,9.898,5.367,12.477,23.439,6.277472,6.285197,6.307077,,,,
124-94-7,Triamcinolone,2.492,1.889,4.692,8.969,9.647785,9.659434,9.695687,,,,
127308-82-1,Zamifenacin,17.11,13.75,19.43,25.968,0.887068,0.928071,0.995335,,,,
129-00-0,Pyrene,6.18,13.134,23.018,43.193,0.052969,0.053354,0.053976,,,,
13311-84-7,Flutamide,30.38,14.527,20.122,29.281,0.692447,0.694932,0.69799,,,,
13674-87-8,"""tris(1,3-dichloro-2-propyl) phosphate (tdcpp)""",5.092,9.476,16.805,42.841,0.070207,0.072227,0.074799,,,,
139290-65-6,Volinanserin,5.464,4.673,8.679,13.6,5.479724,5.483637,5.492906,,,,
140-66-9,"""4-(1,1,3,3-tetramethylbutyl)phenol""",26.98,14.376,25.591,45.338,0.246666,0.248576,0.251997,,,,
148-24-3,8-hydroxyquinoline,69.68,22.078,33.355,52.143,3.124612,3.1271,3.130628,,,,
150-68-5,Monuron,3.086,5.388,8.457,14.29,0.837668,0.838443,0.839525,,,,
15310-01-7,Benodanil,21.4,8.342,12.526,18.822,1.158858,1.162436,1.167801,,,,
1806-26-4,4-octylphenol,15.65,11.019,19.309,41.03,0.096035,0.10045,0.106725,,,,
1843-05-6,2-hydroxy-4-(octyloxy)benzophenone,807.0,15.26,31.9,80.446,5.648948,10.125685,18.21539,,,,
1861-32-1,Chlorthal-dimethyl,38.62,24.526,48.635,94.482,0.668262,0.671741,0.678789,,,,
1929-77-7,Vernolate,25.1,24.481,33.507,46.657,0.383494,0.384959,0.386875,,,,
205-99-2,Benzo[b]fluoranthene,5.564,9.566,17.579,42.268,0.034953,0.035894,0.037242,,,,
206-44-0,Fluoranthene,8.064,10.176,18.782,40.117,0.054713,0.05566,0.057165,,,,
2104-64-5,O-ethyl o-(p-nitrophenyl) phenylphosphonothioate,8.16,15.625,21.655,31.949,0.090283,0.091408,0.092756,,,,
24602-86-6,Tridemorph,12.91,18.071,29.669,54.686,0.383013,0.401198,0.42671,,,,
2634-33-5,"""1,2-benzisothiazolin-3-one""",34.74,17.146,33.076,157.285,0.086693,0.090272,0.094483,,,,
2921-88-2,Chlorpyrifos,2.6,14.929,21.221,55.727,0.022972,0.023697,0.02419,,,,
298-46-4,Carbamazepine,2.375,4.501,7.281,12.183,0.574245,0.574784,0.575611,,,,
30516-87-1,Azidothymidine,2.414,1.768,4.423,8.605,2.204723,2.207037,2.214189,,,,
3147-75-9,Octrizole,5.87,19.193,32.095,61.315,0.152972,0.153856,0.155104,,,,
35256-85-0,Butam,9.846,9.728,15.863,26.92,0.793282,0.794073,0.795288,,,,
446-72-0,Genistein,18.69,14.35,24.997,43.59,0.435246,0.4379,0.442517,,,,
484-17-3,9-phenanthrol,20.98,24.167,33.525,48.753,0.117915,0.119626,0.121746,,,,
50-29-3,"""p,p'-ddt""",12.5,10.08,21.657,79.932,0.030043,0.072269,0.138787,,,,
50892-23-4,Pirinixic acid,7.51,8.127,17.892,41.618,0.033062,0.034688,0.038114,,,,
51-52-5,6-propyl-2-thiouracil,1.323,0.418,2.087,7.489,0.725636,0.730253,0.755784,,,,
527680-56-4,"""n-[(3r)-1-azabicyclo[2.2.2]oct-3-yl]-2,3-dihydro-1,4-benzodioxine-6-carboxamide""",3.688,4.524,10.047,20.049,5.421584,5.421584,5.426628,,,,
528-29-0,"""1,2-dinitrobenzene""",24.2,23.237,34.124,60.631,1.0587,1.060403,1.062228,,,,
52-86-8,Haloperidol,5.062,7.216,11.975,21.082,0.582575,0.583602,0.585171,,,,
53-03-2,Prednisone,9.09,3.043,5.727,9.308,5.15576,5.162032,5.176412,,,,
548-62-9,Hexamethyl-p-rosaniline chloride,8.322,4.924,8.268,13.664,0.171584,0.176531,0.18504,,,,
55285-14-8,Carbosulfan,26.74,20.215,45.652,135.086,0.299924,0.30743,0.321698,,,,
563-12-2,Ethion,10.41,14.555,20.774,85.982,0.006567,0.016959,0.022813,,,,
56-53-1,Diethylstilbestrol (des),39.5,19.137,27.443,41.974,0.429214,0.434166,0.440374,,,,
56-55-3,Benz[a]anthracene,18.27,8.212,16.522,37.249,0.129883,0.133225,0.139301,,,,
57-41-0,Phenytoin,0.818,5.018,7.988,12.799,0.132143,0.132476,0.133001,,,,
576-26-1,"""2,6-dimethylphenol""",20.52,8.486,17.92,34.62,2.063786,2.066111,2.071469,,,,
57-83-0,Progesterone,33.7,18.146,28.699,52.357,0.551659,0.554921,0.559119,,,,
579-66-8,"""2,6-diethylaniline""",16.13,19.59,27.479,38.916,0.47273,0.473222,0.473896,,,,
57-97-6,"""7,12-dimethylbenz(a)anthracene""",3.226,10.32,17.922,41.709,0.022914,0.024137,0.025717,,,,
58-08-2,Caffeine,0.285,1.141,3.567,8.089,0.440794,0.441398,0.443693,,,,
58-14-0,Pyrimethamine,2.768,5.887,10.307,17.961,0.262077,0.262878,0.26429,,,,
59756-60-4,Fluridone ,5.594,7.29,10.549,15.998,0.46012,0.461059,0.462291,,,,
599-79-1,Sulfasalazine,5.16,6.99,10.737,31.116,0.16262,0.182873,0.19945,,,,
60-09-3,4-aminoazobenzene,15.7,23.938,32.315,56.537,0.139401,0.140337,0.141102,,,,
606-20-2,"""2,6-dinitrotoluene""",34.64,15.071,35.498,58.495,3.227967,3.23035,3.238564,,,,
63-05-8,Androstenedione,25.92,7.305,10.759,15.872,4.439918,4.446561,4.45631,,,,
6344-67-8,3-hydroxyfluorene,20.56,24.078,36.256,85.219,0.355707,0.357679,0.359415,,,,
732-11-6,Phosmet,23.82,7.525,12.258,18.966,0.893042,0.897718,0.906035,,,,
75330-75-5,Lovastatin,21.9,18.875,38.487,95.076,0.494634,0.499284,0.5074,,,,
77-09-8,Phenolphthalein,47.4,9.889,17.285,26.745,1.258694,1.265844,1.280964,,,,
77-40-7,Bisphenol b,35.66,26.823,45.518,96.491,0.621755,0.625198,0.629741,,,,
789-02-6,"""o,p'-ddt""",15.3,9.857,21.873,82.874,0.038535,0.093704,0.185071,,,,
79902-63-9,Simvastatin,24.3,13.379,19.57,86.409,0.280715,0.304481,0.318699,,,,
80-46-6,4-(2-methylbutan-2-yl)phenol,20.96,19.939,28.785,45.476,0.079086,0.080783,0.082835,,,,
838-88-0,"""4,4'-methylene bis(2-methylaniline)""",3.984,4.847,7.924,12.81,0.601533,0.602651,0.604512,,,,
85532-75-8,Pk 11195,42.12,25.162,53.407,132.622,0.618445,0.622176,0.629188,,,,
86-30-6,N-nitrosodiphenylamine,8.288,25.512,36.05,63.312,0.258884,0.259501,0.260093,,,,
86386-73-4,Fluconazole ,1.832,2.369,5.018,9.126,1.427353,1.428926,1.432832,,,,
87-62-7,"""2,6-dimethylaniline""",8.96,7.85,17.764,39.122,1.309349,1.309533,1.311418,,,,
87-86-5,Pentachlorophenol,8.764,15.647,27.705,47.083,0.463804,0.464907,0.466973,,,,
88-06-2,"""2,4,6-trichlorophenol""",18.76,23.888,32.12,44.993,0.211989,0.213067,0.214365,,,,
91-22-5,Quinoline,38.6,14.869,30.84,57.491,4.930452,4.932378,4.939744,,,,
91-53-2,Ethoxyquin,15.16,36.405,71.583,189.289,0.097674,0.098365,0.099439,,,,
91-59-8,2-naphthylamine,18.5,21.29,31.21,49.211,0.752684,0.753384,0.754277,,,,
92-87-5,Benzidine,6.91,3.02,8.351,21.239,0.855415,0.858157,0.866138,,,,
94-13-3,Propylparaben,38.0,21.396,30.668,43.072,1.652416,1.654187,1.656851,,,,
94-26-8,Butylparaben,39.3,23.67,31.368,43.96,0.719321,0.722296,0.725674,,,,
94-28-0,Tri(ethylene glycol) bis(2-ethylhexanoate),22.62,24.224,54.96,121.699,0.223675,0.227522,0.236421,,,,
95-48-7,2-methylphenol,27.48,6.613,15.403,34.082,5.110837,5.113351,5.123487,,,,
95-95-4,"""2,4,5-trichlorophenol""",26.24,23.829,32.256,45.305,0.125022,0.126791,0.128964,,,,
97-53-0,Eugenol,103.6,13.833,35.106,58.157,13.942828,13.94693,13.974681,,,,
97-54-1,Isoeugenol,71.78,25.691,59.79,224.361,0.254468,0.259883,0.269683,,,,
98-54-4,4-tert-butylphenol,26.8,11.861,22.932,38.029,0.918711,0.920029,0.92313,,,,
98-95-3,Nitrobenzene,8.168,9.373,20.039,43.64,1.848208,1.848455,1.850839,,,,
99-08-1,3-nitrotoluene,16.82,20.182,28.758,47.649,0.708375,0.709477,0.710658,,,,
99-59-2,2-methoxy-5-nitroaniline,12.03,7.957,23.599,49.477,2.211432,2.211657,2.216447,,,,
99-71-8,4-(butan-2-yl)phenol,19.03,18.912,27.004,39.844,0.580965,0.581959,0.583277,,,,
99-76-3,Methylparaben,107.5,21.909,31.068,51.983,4.748831,4.756431,4.764329,,,,
99-99-0,4-nitrotoluene,19.32,19.899,28.98,49.49,0.814699,0.816195,0.817842,,,,
33286-22-5,Diltiazem hydrochloride,23.48,3.96,7.089,10.95,11.772714,11.795892,11.847835,,,,
50-02-2,Dexamethasone,1.791,2.948,5.713,9.544,0.885559,0.887254,0.891214,,,,
15307-86-5,Diclofenac,65.42,16.771,23.431,32.676,0.240103,0.244914,0.251667,,,,
15687-27-1,Ibuprofen,10.12,24.359,32.807,45.459,0.048312,0.048664,0.049102,,,,
64-77-7,Tolbutamide,1.324,4.314,7.668,15.706,0.043461,0.044087,0.045036,,,,
22204-53-1,Naproxen,26.48,41.997,87.15,245.248,0.025693,0.026509,0.027871,,,,
29122-68-7,Atenolol,1.986,1.697,4.273,8.701,3.454032,3.457853,3.46925,,,,
15307-79-6,Diclofenac sodium,38.84,10.417,22.339,80.41,0.145604,0.155309,0.170688,,,,
36505-84-7,Buspirone,7.66,7.224,10.593,16.954,0.421283,0.423865,0.427074,,,,
51384-51-1,Metoprolol,6.231,5.066,9.841,17.572,4.373432,4.373454,4.377596,,,,
60-80-0,Antipyrine,0.506,1.711,4.631,9.006,0.481665,0.48212,0.483718,,,,
62-44-2,Phenacetin,9.346,4.576,7.808,12.62,2.819361,2.821365,2.825075,,,,
58-55-9,Theophylline,0.779,1.07,3.051,7.339,0.438502,0.439703,0.443508,,,,
604-75-1,Oxazepam,3.271,4.239,7.248,13.643,0.099334,0.100716,0.102809,,,,
83-43-2,Methylprednisolone,5.452,4.033,6.692,10.53,2.307272,2.31203,2.320636,,,,
50-24-8,Prednisolone,5.841,3.947,6.592,10.519,2.120374,2.124559,2.132072,,,,
97322-87-7,Troglitazone,21.85,12.605,18.565,55.128,0.039565,0.050802,0.058813,,,,
59865-13-3,Cyclosporin a,8.591,1.889,10.394,75.54,0.039785,0.173544,0.871698,,,,
73590-58-6,Omeprazole,3.271,5.793,8.744,13.657,0.885695,0.887678,0.890486,,,,
2078-54-8,Propofol,107.0,22.564,32.308,47.506,1.260468,1.267209,1.27631,,,,
111406-87-2,Zileuton,2.298,6.838,19.626,35.061,0.200743,0.201303,0.203683,,,,
76-57-3,Codeine,24.53,3.12,7.133,12.776,42.417317,42.426827,42.493617,,,,
66357-35-5,Ranitidine,1.324,1.534,4.218,8.738,3.530703,3.534683,3.548144,,,,
58-15-1,Aminopyrine,4.1,3.477,7.482,12.908,2.594069,2.594503,2.59799,,,,
65277-42-1,Ketoconazole,55.0,8.523,15.708,24.843,1.582898,1.588093,1.600002,,,,
321-64-2,Tacrine,1000.0,16.858,167.387,2408.783,4444.906091,4444.906091,4444.906091,,,,
54-11-5,Nicotine,4.44,5.167,12.332,27.212,1.687513,1.688768,1.69285,,,,
99-66-1,Valproic acid,0.437,4.609,10.302,23.395,0.097009,0.097224,0.097698,,,,
55-98-1,Busulphan,1.39,1.606,4.915,10.4,1.954675,1.956193,1.963347,,,,
305-03-3,Chlorambucil,44.0,10.099,36.164,86.415,0.502252,0.50924,0.540258,,,,
56-75-7,Chloramphenicol,0.723,3.854,6.552,10.221,0.452582,0.453218,0.454458,,,,
85721-33-1,Ciprofloxacin,4.17,2.382,5.237,9.314,11.311317,11.323106,11.355395,,,,
64-86-8,Colchicine,0.698,2.156,4.682,8.71,1.281342,1.283152,1.287738,,,,
89-25-8,Edaravone,2.0,6.498,12.282,36.111,1.291456,1.291456,1.292114,,,,
50-28-2,Estradiol,56.9,33.818,62.033,128.077,0.548019,0.784693,1.167624,,,,
98319-26-7,Finasteride,4.5,6.686,10.418,17.269,0.51402,0.515811,0.518332,,,,
29094-61-9,Glipizide,1.597,4.709,7.57,12.018,0.061876,0.063152,0.065247,,,,
10238-21-8,Glyburide,6.62,4.569,8.209,13.498,0.248817,0.253613,0.263361,,,,
53-86-1,Indomethacin,9.35,31.776,65.539,141.571,0.129396,0.130291,0.13206,,,,
54-85-3,Isoniazide,1.11,0.212,1.448,4.951,0.912684,0.916575,0.948684,,,,
797-63-7,Levonorgestrel,9.89,11.025,17.68,25.251,0.369713,0.371184,0.374147,,,,
443-48-1,Metronidazole,3.0,1.127,3.608,7.728,15.316593,15.337179,15.422149,,,,
84371-65-3,Mifepristone,33.2,13.259,18.486,47.146,0.438776,0.446246,0.45109,,,,
57-47-6,Physostigmine,1.64,3.991,6.934,10.809,1.473603,1.474642,1.476779,,,,
117-39-5,Quercetin,75.2,9.432,27.733,70.518,1.114485,1.12651,1.164968,,,,
50-35-1,Thalidomide,4.0,3.441,6.145,9.811,0.419695,0.420251,0.421422,,,,
134308-13-7,Tolcapone,22.0,15.019,38.174,78.916,0.284422,0.28693,0.294417,,,,
76-25-5,Triamcinolone acetonide,9.0,3.937,6.757,10.57,2.966869,2.973763,2.987451,,,,
125-84-8,Aminoglutethimide,0.723,0.708,3.961,10.321,0.771075,0.772934,0.786789,,,,
66-81-9,Cycloheximide,1.74,3.116,6.03,9.898,1.14398,1.145009,1.147472,,,,
84-66-2,Diethylphthalate,42.5,6.518,14.15,27.737,7.211648,7.223115,7.250522,,,,
39515-41-8,Fenpropathrin,19.7,15.651,24.523,42.771,0.1999,0.206254,0.214696,,,,
67614-33-9,Fenvalerate,0.766,13.503,21.672,37.35,0.002969,0.003066,0.003204,,,,
389-08-2,Nalidixic_acid,1.1,4.474,7.867,12.042,1.19701,1.197587,1.198932,,,,
57-24-9,Strychnine,2.0,3.527,6.42,9.975,1.390389,1.391862,1.395255,,,,
84-74-2,Dibutylphthalate,42.5,17.621,26.208,36.078,0.572192,0.57404,0.577334,,,,
25812-30-0,Gemfibrozil,52.18,20.507,30.196,41.566,0.904581,0.906952,0.911047,,,,
486-66-8,Daidzein,15.4,13.659,19.801,27.964,0.813271,0.815155,0.818058,,,,
520-18-3,Kaempferol,95.7,5.05,9.191,19.152,2.089773,2.124021,2.178015,,,,
17924-92-4,Zearalenone,209.0,25.37,44.92,79.595,1.6869,1.715451,1.765954,,,,
521-18-6,5alpha-dihydrotestosterone,70.7,14.941,20.551,31.045,2.675881,2.688064,2.701596,,,,
520-36-5,Apigenin,138.0,32.006,65.776,137.781,1.083669,1.544142,2.473839,,,,
512-56-1,Trimethyl phosphate,3.43,0.328,1.863,6.007,2.305678,2.312555,2.359197,,,,
500-38-9,Nordihydroguaiaretic acid,270.0,23.671,44.867,81.879,5.996973,8.551341,13.611447,,,,
2467-02-9,"2,2'-bisphenol f",83.5,23.752,31.499,41.791,1.723871,1.72673,1.730516,,,,
5153-25-3,2-ethylhexylparaben,128.0,20.553,29.65,40.307,1.620472,1.6299,1.645684,,,,
105512-06-9,Clodinafop-propargyl,1010.0,22.259,41.74,81.776,24.481335,24.649716,24.950711,,,,
131-56-6,"2,4-dihydroxybenzophenone",39.3,34.118,69.164,186.55,0.556046,0.559944,0.566306,,,,
58-18-4,17-methyltestosterone,12.7,13.803,19.627,28.395,0.387412,0.389016,0.391208,,,,
94-18-8,Benzylparaben,633.0,39.279,83.755,222.295,6.330826,6.391567,6.501927,,,,
23513-14-6,(6)-gingerol,146.0,11.317,17.132,25.797,11.061834,11.075248,11.095765,,,,
15619-48-4,1-benzylquinolinium chloride,7.31,3.581,6.431,10.032,10.894107,10.902968,10.922608,,,,
2687-96-9,1-dodecyl-2-pyrrolidinone,19.1,20.036,29.564,39.984,0.248922,0.25043,0.253181,,,,
83-41-0,"1,2-dimethyl-3-nitrobenzene",523.0,34.084,134.678,776.469,0.098042,0.145317,0.314123,,,,
57-91-0,17alpha-estradiol,55.6,31.348,61.536,131.589,0.615363,0.894979,1.400772,,,,
10161-33-8,17beta-trenbolone,37.4,8.469,15.016,23.149,3.652741,3.660191,3.676584,,,,
2467-03-0,2-(4-hydroxybenzyl)phenol,56.8,25.753,35.371,63.59,1.409458,1.413075,1.416119,,,,
5809-23-4,2-[4-(diethylamino)-2-hydroxybenzoyl]benzoic acid,2.0,21.111,36.235,62.748,0.009636,0.009821,0.010134,,,,
97-56-3,2-amino-5-azotoluene,6.89,24.553,33.01,47.39,0.054847,0.055463,0.056164,,,,
117-79-3,2-aminoanthraquinone,30.8,25.818,39.43,73.785,0.612294,0.614358,0.616695,,,,
587-65-5,2-chloro-n-phenylacetamide,38.9,8.128,18.743,39.475,7.987516,7.988809,8.00093,,,,
4940-11-8,2-ethyl-3-hydroxy-4h-pyran-4-one,81.0,3.411,7.972,16.659,27.832881,27.855356,27.922615,,,,
131-57-7,2-hydroxy-4-methoxybenzophenone,15.7,24.342,33.085,48.292,0.26696,0.269249,0.27186,,,,
149-30-4,2-mercaptobenzothiazole,37.3,25.797,52.09,170.846,0.710015,0.713858,0.719493,,,,
2785-87-7,2-methoxy-4-propylphenol,24.6,23.093,31.689,49.087,1.292268,1.294051,1.295923,,,,
90-05-1,2-methoxyphenol,44.9,8.24,18.77,35.145,10.867153,10.867153,10.876526,,,,
96-70-8,2-tert-butyl-4-ethylphenol,102.0,21.122,32.359,47.157,2.287,2.291253,2.298463,,,,
2409-55-4,2-tert-butyl-4-methylphenol,20.9,20.469,29.252,43.734,0.278233,0.279237,0.280539,,,,
88-60-8,2-tert-butyl-5-methylphenol,36.0,20.208,28.719,42.512,0.723888,0.726575,0.730063,,,,
88-18-6,2-tert-butylphenol,59.7,17.504,26.464,44.092,0.009071,0.012895,0.017791,,,,
119-47-1,"2,2'-methylenebis(4-methyl-6-tert-butylphenol)",22.4,17.678,34.441,77.858,0.073091,0.121823,0.20469,,,,
131-55-5,"2,2',4,4'-tetrahydroxybenzophenone",19.2,9.655,22.406,45.389,0.57714,0.580344,0.588699,,,,
79-95-8,"2,2',6,6'-tetrachlorobisphenol a",18.7,8.514,18.526,86.129,0.279058,0.296052,0.321512,,,,
6846-50-0,"2,2,4-trimethyl-1,3-pentanediol diisobutyrate",9.95,18.395,27.214,38.184,0.037867,0.04849,0.066219,,,,
1143-72-2,"2,3,4-trihydroxbenzophenone",94.1,29.369,50.079,105.329,1.46422,1.471434,1.481132,,,,
2416-94-6,"2,3,6-trimethylphenol",106.0,18.773,25.851,37.327,5.798163,5.804784,5.812905,,,,
96-76-4,"2,4-di-tert-butylphenol",2.52,1.722,7.839,26.031,0.02213,0.022249,0.022856,,,,
1470-79-7,"2,4,4'-trihydroxybenzophenone",21.1,27.725,49.668,104.915,0.347359,0.348995,0.351453,,,,
527-60-6,"2,4,6-trimethylphenol",163.0,17.142,24.478,36.542,10.222366,10.233398,10.2477,,,,
79-74-3,"2,5-bis(2-methylbutan-2-yl)benzene-1,4-diol",11.4,20.328,30.244,44.406,0.127523,0.128223,0.129293,,,,
88-58-4,"2,5-di-tert-butylbenzene-1,4-diol",117.0,22.582,34.679,53.556,1.719007,2.299241,3.181059,,,,
95-74-9,3-chloro-4-methylaniline,65.3,20.693,34.29,58.035,7.233835,7.239033,7.247381,,,,
55406-53-6,3-iodo-2-propynyl-n-butylcarbamate,486.0,5.232,8.993,14.143,1369.835603,1370.315856,1371.645394,,,,
618-45-1,3-isopropylphenol,19.9,8.863,19.43,34.07,0.72186,0.722855,0.725615,,,,
108-44-1,3-methylaniline,32.9,6.933,17.139,37.19,10.390367,10.390367,10.403813,,,,
585-34-2,3-tert-butylphenol,40.2,10.429,21.88,36.908,1.143191,1.144791,1.149105,,,,
612-82-8,"3,3'-dimethylbenzidine dihydrochloride",25.4,5.982,15.965,25.384,2.569005,2.57353,2.59388,,,,
79-94-7,"3,3',5,5'-tetrabromobisphenol a",50.5,11.615,22.872,42.271,0.418494,0.475984,0.597382,,,,
99-54-7,"3,4-dichloronitrobenzene",387.0,40.313,118.673,450.974,3.305775,4.808689,8.773257,,,,
626-43-7,"3,5-dichloroaniline",86.1,21.496,30.039,53.085,3.160811,3.168437,3.175418,,,,
18979-55-0,4-(hexyloxy)phenol,83.6,28.239,54.275,167.555,0.043512,0.049275,0.057134,,,,
122-37-2,4-anilinophenol,75.1,24.487,32.69,50.26,2.401367,2.405212,2.408897,,,,
104-13-2,4-butylaniline,26.4,18.888,27.07,40.426,0.635735,0.636863,0.638343,,,,
4344-55-2,4-butyloxyaniline,28.4,8.949,35.442,67.738,2.368455,2.369623,2.380093,,,,
1638-22-8,4-butylphenol,127.0,19.277,29.709,46.423,1.628907,1.633702,1.640909,,,,
95-83-0,"4-chloro-1,2-diaminobenzene",31.6,12.062,39.74,79.115,9.330918,9.330918,9.339697,,,,
599-64-4,4-cumylphenol,27.2,24.724,32.717,43.985,0.592979,0.594721,0.596919,,,,
156-43-4,4-ethoxyaniline,13.8,10.119,26.299,51.807,2.889619,2.889619,2.891871,,,,
1987-50-4,4-heptylphenol,42.5,23.619,33.796,50.296,0.280363,0.286584,0.294755,,,,
33228-45-4,4-hexylanilline,440.0,21.587,34.097,53.702,4.117732,4.171915,4.257922,,,,
39905-57-2,4-hexyloxyanilline,79.3,23.951,31.924,44.472,1.656129,1.661168,1.667111,,,,
121-33-5,4-hydroxy-3-methoxybenzaldehyde,234.0,8.149,35.901,70.151,122.057912,122.057912,122.342062,,,,
68392-35-8,4-hydroxytamoxifen,16.0,13.731,18.633,24.823,2.070315,2.085788,2.107941,,,,
134-84-9,4-methylbenzophenone,118.0,30.139,55.974,141.815,1.572463,1.580344,1.591504,,,,
100-02-7,4-nitrophenol,14.0,20.773,34.3,57.35,0.896702,0.897352,0.898407,,,,
156-10-5,4-nitrosodiphenylamine,839.0,15.409,28.566,44.462,67.396854,67.456706,67.599651,,,,
84852-15-3,"4-nonylphenol, branched",104.0,15.985,27.231,44.868,1.310313,1.871111,2.874848,,,,
33228-44-3,4-pentylaniline,18.2,19.89,28.774,44.196,0.357965,0.359573,0.361631,,,,
2696-84-6,4-propylanilline,17.3,18.237,26.229,41.742,0.905882,0.906706,0.907677,,,,
769-92-6,4-tert-butylaniline,10.7,9.687,19.833,34.602,0.611278,0.612019,0.613836,,,,
3236-71-3,"4,4'-(9h-fluorene-9,9-diyl)diphenol",22.4,23.414,45.02,82.222,0.004808,0.006856,0.011031,,,,
13680-35-8,"4,4'-methylenebis(2,6-diethylaniline)",8.2,15.323,22.476,33.418,0.085834,0.087049,0.08878,,,,
101-77-9,"4,4'-methylenedianiline",3.37,3.219,6.485,11.762,0.597078,0.598458,0.601577,,,,
27955-94-8,"4,4',4''-ethane-1,1,1-triyltriphenol",30.8,18.247,29.897,50.8,0.746357,0.752648,0.76241,,,,
2835-95-2,5-amino-2-methylphenol,16.0,4.913,13.041,26.148,4.264411,4.264874,4.272697,,,,
105624-86-0,5hpp-33,47.0,14.797,21.025,38.417,0.899796,0.903855,0.907628,,,,
77-90-7,Acetyl tributyl citrate,261.0,22.873,52.021,140.968,5.748288,5.812563,5.942378,,,,
135158-54-2,Acibenzolar-s-methyl,863.0,29.881,51.004,125.415,23.194377,23.295733,23.416493,,,,
19774-82-4,Amiodarone hydrochloride,4.537,3.866,9.498,24.069,0.017932,0.039503,0.09142,,,,
41372-20-7,Apomorphine hydrochloride hydrate,17.4,6.182,22.911,92.27,2.550141,2.560243,2.596616,,,,
2465-27-2,Auramine hydrochloride,8.66,4.715,8.156,13.271,0.928924,0.932489,0.939238,,,,
35575-96-3,Azamethiphos,429.0,3.207,5.969,9.681,2408.838268,2411.279981,2416.765599,,,,
2390-60-5,Basic blue 7,3.21,4.995,8.305,13.495,0.003254,0.005015,0.008051,,,,
94-09-7,Benzocaine,132.0,13.571,36.485,63.658,48.749208,48.749208,48.793268,,,,
118-58-1,Benzyl salicylate,841.0,43.053,94.601,287.67,0.325984,0.481029,0.75763,,,,
253450-09-8,Besonprodil,5.31,11.898,18.465,41.555,0.313473,0.315603,0.317719,,,,
491-80-5,Biochanin a,230.0,17.162,26.803,47.877,5.069784,5.105317,5.150667,,,,
33171-05-0,Bisdemethoxycurcumin,112.0,23.781,41.885,73.525,0.059914,0.084497,0.127984,,,,
1478-61-1,Bisphenol af,125.0,27.574,54.409,105.483,2.200106,2.224792,2.274408,,,,
22260-51-1,Bromocriptine mesylate,178.0,6.818,31.089,187.88,8.218289,8.419231,9.276421,,,,
569-61-9,C.i. basic red 9 monohydrochloride,3.23,3.791,7.342,11.913,1.196984,1.199304,1.204966,,,,
509-34-2,C.i. solvent red 49,13.9,12.616,20.765,33.397,0.177678,0.178295,0.179348,,,,
63449-41-2,C8-18-alkydimethylbenzyl ammonium chlorides,63.1,23.785,45.358,87.272,1.28082,1.29211,1.313432,,,,
1260-17-9,Carminic acid,88.8,5.417,13.452,31.295,0.479504,0.947873,2.166431,,,,
120-80-9,Catechol,42.3,15.555,29.192,86.102,0.492874,0.4965,0.50131,,,,
480-40-0,Chrysin,204.0,37.573,76.389,182.354,0.387736,0.397364,0.41448,,,,
637-07-0,Clofibrate,868.0,40.815,89.149,245.162,12.053234,17.597385,27.914377,,,,
23593-75-1,Clotrimazole,77.1,25.193,51.63,119.129,1.138259,1.149629,1.170687,,,,
50-22-6,Corticosterone,12.1,5.904,9.156,14.24,2.032397,2.03743,2.045196,,,,
230954-09-3,Cp-544439,2.27,4.484,7.235,10.858,0.737592,0.739632,0.743381,,,,
458-37-7,Curcumin,297.0,17.48,39.164,92.207,0.221994,0.368316,0.683832,,,,
120116-88-3,Cyazofamid,10.0,5.662,10.496,18.787,0.948019,0.95479,0.967886,,,,
4449-51-8,Cyclopamine,29.4,12.956,18.374,24.421,22.85861,22.894776,22.955857,,,,
68359-37-5,Cyfluthrin,23.8,13.594,19.871,27.75,0.208352,0.271063,0.37303,,,,
57966-95-7,Cymoxanil,32.8,2.715,5.508,10.168,16.437268,16.464574,16.525851,,,,
427-51-0,Cyproterone acetate,4.46,6.252,9.884,18.109,0.262807,0.264599,0.266893,,,,
69-74-9,Cytarabine hydrochloride,16.8,1.644,8.072,19.394,26.962364,26.965786,27.084603,,,,
1596-84-5,Daminozide,2.29,0.262,2.259,8.618,2.685493,2.693649,2.777785,,,,
2392-39-4,Dexamethasone sodium phosphate,9.63,5.16,11.207,23.893,2.584905,2.596059,2.620682,,,,
109-43-3,Dibutyl decanedioate,134.0,18.257,33.225,67.523,1.756685,2.779804,4.431088,,,,
97-23-4,Dichlorophen,13.2,18.708,27.116,37.698,0.120813,0.123123,0.126822,,,,
62-73-7,Dichlorvos,86.4,22.077,89.032,391.693,0.519007,0.840908,2.104429,,,,
84-69-5,Diisobutyl phthalate,345.0,30.184,58.727,119.417,0.398589,0.457919,0.568311,,,,
131-18-0,Dipentyl phthalate,301.0,16.278,36.261,84.057,2.948739,2.952834,2.961675,,,,
136-45-8,"Dipropyl 2,5-pyridinedicarboxylate",592.0,20.141,186.286,2621.52,41.716005,41.716005,41.716005,,,,
97-77-8,Disulfiram,28.46,12.944,18.077,25.453,1.121471,1.123291,1.125781,,,,
6533-00-2,Dl-norgestrel,11.0,10.989,17.469,25.0,0.421211,0.422816,0.425959,,,,
24169-02-6,Econazole nitrate,6.02,4.482,8.035,13.445,0.096083,0.10289,0.116298,,,,
361343-19-3,Elzasonan,21.1,11.951,17.854,24.804,1.179306,1.184171,1.192747,,,,
124378-77-4,Enadoline,3.36,4.048,6.948,10.925,1.561834,1.564546,1.569882,,,,
77756-20-8,Enterolactone,139.0,13.066,27.739,50.777,1.666336,1.68575,1.733802,,,,
474-86-2,Equilin,9.74,13.865,19.116,26.217,0.291595,0.292211,0.293072,,,,
52479-85-3,Exifone,28.1,17.339,67.88,227.638,0.002648,0.004377,0.011558,,,,
129299-90-7,Fabesetron hydrochloride,7.56,7.208,13.797,28.393,0.396423,0.40056,0.407918,,,,
131807-57-3,Famoxadone,16.4,31.562,71.301,189.037,0.368925,0.371815,0.377658,,,,
2783-94-0,Fd&c yellow 6,18.9,4.723,7.731,15.903,0.700018,1.326093,2.101784,,,,
49562-28-9,Fenofibrate,563.0,23.503,51.741,167.688,7.350803,7.455494,7.637406,,,,
113776-20-8,Fenoxaprop-(2s)-ethyl,723.0,34.932,76.91,190.288,8.667165,8.775536,8.994105,,,,
71283-80-2,Fenoxaprop-p-ethyl,519.0,35.049,77.762,193.702,7.426848,7.504986,7.664075,,,,
111812-58-9,"Fenpyroximate (z,e)",16.8,13.533,18.78,55.606,0.226232,0.240892,0.249473,,,,
101-42-8,Fenuron,2.89,4.26,8.086,15.053,1.017595,1.018497,1.020247,,,,
69806-50-4,Fluazifop-butyl,401.0,33.634,78.67,204.014,5.545975,5.589679,5.684929,,,,
188489-07-8,Flufenpyr-ethyl,375.0,13.168,139.363,2589.057,18.497938,18.497938,18.497938,,,,
69806-40-2,Haloxyfop-methyl,467.0,29.403,61.48,134.43,9.586777,9.676382,9.85652,,,,
67485-29-4,Hydramethylnon,4.38,4.78,7.838,13.343,0.041418,0.066654,0.105799,,,,
630-56-8,Hydroxyprogesterone caproate,195.0,13.638,18.802,32.18,3.039291,3.072344,3.10245,,,,
473289-62-2,Ilepatril,5.55,3.332,6.309,10.363,24.67856,24.720376,24.815866,,,,
186392-65-4,Ingliforib,2.09,4.727,9.176,19.267,0.177244,0.180951,0.187613,,,,
125225-28-7,Ipconazole,101.0,27.727,53.269,105.79,2.201351,2.214853,2.239905,,,,
25311-71-1,Isofenphos,158.0,28.77,57.399,115.776,3.367926,3.39238,3.440642,,,,
33820-53-0,Isopropalin,12.5,17.836,28.211,56.13,0.004356,0.006981,0.010051,,,,
59227-89-3,Laurocapram,9.8,10.323,18.785,52.893,0.25803,0.284588,0.318353,,,,
79794-75-5,Loratadine,33.9,13.559,18.848,41.496,0.482199,0.494539,0.50336,,,,
1634-78-2,Malaoxon,55.9,3.828,6.631,10.221,33.037846,33.066242,33.125406,,,,
2919-66-6,Melengestrol acetate,41.4,12.815,22.605,56.558,1.240494,1.252825,1.268515,,,,
16752-77-5,Methomyl,2.05,2.461,5.21,9.653,0.918646,0.919636,0.922038,,,,
134-20-3,Methyl 2-aminobenzoate,246.0,15.532,39.314,66.898,51.923695,51.923695,52.002095,,,,
4707-47-5,"Methyl 2,4-dihydroxy-3,6-dimethylbenzoate",268.0,27.67,47.232,115.269,52.632746,52.803986,53.009078,,,,
493-52-7,Methyl red,11.1,15.567,22.394,35.522,0.457124,0.459276,0.461829,,,,
119-36-8,Methyl salicylate,817.0,21.587,31.211,49.181,72.367787,72.436882,72.521186,,,,
61-73-4,Methylene blue,13.9,3.832,6.626,10.372,7.324615,7.333779,7.352272,,,,
90-94-8,Michler's ketone,39.2,28.828,52.792,106.065,0.719986,0.726176,0.736422,,,,
103-69-5,N-ethylaniline,21.8,11.416,21.176,42.024,1.705013,1.706594,1.709403,,,,
872-50-4,N-methyl-2-pyrrolidone,0.041,0.041,0.486,3.555,0.202253,0.205778,0.250638,,,,
90-30-2,N-phenyl-1-naphthylamine,57.9,24.507,34.802,49.0,0.56507,0.570829,0.579179,,,,
63449-68-3,Naphthalen-2-yl 2-aminobenzoate,846.0,32.438,63.897,129.837,7.629913,7.710264,7.863704,,,,
439687-69-1,Nelivaptan,35.3,3.96,8.245,15.626,5.062222,5.103541,5.198197,,,,
59-67-6,Nicotinic acid,3.54,1.407,5.99,16.93,1.573539,1.575827,1.588402,,,,
110-25-8,Oleyl sarcosine,41.7,17.32,31.561,65.876,0.051495,0.083423,0.133818,,,,
501027-49-2,Pd-0333941,3.4,14.17,20.291,73.352,0.01539,0.01653,0.01721,,,,
1114-71-2,Pebulate,159.0,23.883,32.991,47.613,2.736616,3.521769,4.496905,,,,
460081-99-6,Pharmagsid_48510,7.69,13.432,18.724,49.066,0.181406,0.185049,0.187369,,,,
143-74-8,Phenol red,1.1,6.259,9.408,14.757,0.235409,0.235965,0.236736,,,,
81-90-3,Phenolphthalin,1.85,7.858,14.695,27.322,0.0467,0.048052,0.050596,,,,
17696-62-7,Phenylparaben,865.0,24.012,34.27,51.515,30.166574,30.223598,30.296378,,,,
117428-22-5,Picoxystrobin,57.1,22.989,44.124,83.941,0.695896,0.70483,0.722144,,,,
112529-15-4,Pioglitazone hydrochloride,8.92,5.544,10.749,22.391,0.179757,0.186673,0.199161,,,,
625114-41-2,Piragliatin,6.26,2.802,5.665,9.586,1.173318,1.174858,1.178705,,,,
32809-16-8,Procymidone,5.32,9.893,17.757,25.47,0.225564,0.226233,0.22799,,,,
1918-16-7,Propachlor,69.7,6.376,10.32,19.238,26.995707,27.02639,27.067331,,,,
2312-35-8,Propargite,24.0,14.024,19.638,36.528,0.321236,0.326119,0.330347,,,,
60207-90-1,Propiconazole,17.0,12.587,17.856,24.948,0.527959,0.529395,0.531511,,,,
121-79-9,Propyl gallate,49.7,21.187,58.428,161.142,1.138643,1.142843,1.154424,,,,
82640-04-8,Raloxifene hydrochloride,43.7,4.635,9.444,17.351,1.454463,1.500226,1.604434,,,,
501-36-0,Resveratrol,62.9,41.166,98.193,285.167,0.374348,0.541585,0.894924,,,,
180084-01-9,Sb236057a,4.65,8.275,15.241,26.036,0.646369,0.656392,0.676739,,,,
26259-45-0,Secbumeton,6.53,18.109,29.519,41.838,0.2972,0.297759,0.298957,,,,
2492-26-4,Sodium 2-mercaptobenzothiolate,41.7,20.383,38.659,114.787,0.921315,0.925062,0.930127,,,,
824-78-2,Sodium 4-nitrophenolate,48.1,5.351,23.815,51.2,7.470517,7.479135,7.534738,,,,
3689-24-5,Sulfotepp,101.0,19.735,34.385,67.16,2.611494,2.627123,2.650896,,,,
4065-45-6,Sulisobenzone,1.05,6.713,11.781,23.976,0.052739,0.054773,0.057792,,,,
13071-79-9,Terbufos,32.5,16.424,23.269,31.998,0.561727,0.563591,0.56644,,,,
57-85-2,Testosterone propionate,427.0,29.957,58.259,116.389,0.57551,0.821804,1.287708,,,,
36062-04-1,Tetrahydrocurcumin,173.0,7.213,10.523,16.897,15.462595,15.558315,15.674749,,,,
83-67-0,Theobromine,396.0,1.219,4.369,9.709,791.873589,792.739037,797.023542,,,,
137-26-8,Thiram,816.0,24.223,107.689,386.082,0.245587,0.362793,0.922882,,,,
189003-92-7,Trelanserin,7.06,5.008,7.804,11.728,0.866054,0.871337,0.880151,,,,
24017-47-8,Triazophos,30.2,12.8,17.968,25.203,1.855658,1.86091,1.868296,,,,
52-68-6,Trichlorfon,31.7,3.007,5.786,9.583,19.532836,19.549613,19.588744,,,,
141517-21-7,Trifloxystrobin,466.0,20.895,48.597,110.587,9.558163,9.690562,10.003692,,,,
2451-62-9,Triglycidyl isocyanurate,180.0,3.898,7.439,11.715,116.501793,116.625848,116.93457,,,,
95266-40-3,Trinexapac-ethyl,3.82,2.229,5.053,9.857,0.443789,0.446502,0.453555,,,,
101-20-2,Triclocarban,9.45,16.263,22.391,35.279,0.071356,0.07382,0.076361,,,,
104-66-5,"1,2-diphenoxyethane",18.51,24.334,32.817,45.866,0.061494,0.07753,0.09718,,,,
105-13-5,(4-methoxyphenyl)methanol,90.03,4.397,8.875,15.849,115.803844,115.809367,115.932917,,,,
106-25-2,"(2z)-3,7-dimethylocta-2,6-dien-1-ol",1.57,18.25,28.105,45.832,0.000428,0.000606,0.000853,,,,
1071-93-8,Hexanedihydrazide,0.602,0.983,3.255,7.734,0.840833,0.842193,0.847626,,,,
108612-45-9,Mizolastine,6.0,7.115,11.116,23.224,0.232503,0.236581,0.24098,,,,
111-40-0,Diethylenetriamine,2.003,0.033,0.456,3.149,1.09421,1.112686,1.391105,,,,
111-76-2,2-butoxyethanol,0.852,2.015,5.13,10.426,0.566991,0.56758,0.56937,,,,
124-07-2,Octanoic acid,5.626,16.477,26.336,61.846,0.002585,0.004625,0.006752,,,,
125116-23-6,Metconazole,16.7,16.689,24.969,45.027,0.436902,0.439459,0.442305,,,,
149-57-5,2-ethylhexanoic acid,1.715,14.416,23.031,36.217,0.209099,0.209318,0.209678,,,,
169590-42-5,Celecoxib,25.7,23.079,47.793,89.7,0.088894,0.091482,0.097415,,,,
2226-96-2,"4-hydroxy-2,2,6,6-tetramethylpiperidin-1-yl)oxidanyl",10.4,4.06,8.496,14.445,9.887585,9.88786,9.898967,,,,
2597-03-7,Phenthoate,168.0,15.856,23.848,41.731,4.672197,4.701825,4.736676,,,,
2610-11-9,C.i. direct red 81 disodium salt,1.492,3.583,8.043,17.332,8.8e-05,0.000173,0.000369,,,,
2943-75-1,Triethoxyoctylsilane,11.06,17.709,26.88,37.136,0.158693,0.159236,0.160255,,,,
3445-11-2,1-(2-hydroxyethyl)pyrrolidin-2-one,0.156,0.165,1.123,4.761,0.374288,0.37651,0.393349,,,,
3913-02-8,2-butyloctan-1-ol,0.658,0.049,1.542,137.78,0.007617,0.007652,0.008953,,,,
41481-66-7,"4,4'-sulfonylbis[2-(prop-2-en-1-yl)phenol]",84.7,8.581,12.442,18.577,7.956269,7.980442,8.013374,,,,
4394-85-8,4-morpholinecarboxaldehyde,0.402,0.032,0.52,3.782,0.463999,0.471046,0.596972,,,,
5232-99-5,"Ethyl 2-cyano-3,3-diphenylacrylate",161.3,24.751,50.264,99.44,1.705607,1.726287,1.769393,,,,
5915-41-3,Terbuthylazine,4.1,14.094,21.16,34.822,0.233289,0.233747,0.234332,,,,
6259-76-3,Hexyl salicylate,191.4,42.163,97.371,323.91,0.995965,1.488403,2.410323,,,,
64-17-5,Ethanol,3.958,0.032,0.667,5.874,0.718647,0.727573,0.929884,,,,
64091-91-4,4-(n-methyl-n-nitrosamino)-1-(3-pyridyl)-1-butanone,4.538,3.888,8.037,12.968,4.429094,4.429654,4.434977,,,,
6425-39-4,"4,4'-(oxydiethylene)bis(morpholine)",2.573,1.557,4.174,8.455,3.266288,3.269748,3.281234,,,,
67-63-0,Isopropanol,0.218,0.155,1.438,7.259,0.163849,0.164715,0.173655,,,,
72-33-3,Mestranol,10.2,14.691,20.499,34.683,0.275411,0.276547,0.277644,,,,
81-07-2,Saccharin,1.917,1.782,4.882,11.257,0.496755,0.498979,0.505808,,,,
88-27-7,"2,6-di-tert-butyl-4-[(dimethylamino)methyl]phenol",1.55,4.119,8.059,17.375,0.73787,0.739487,0.742372,,,,
91-76-9,"6-phenyl-1,3,5-triazine-2,4-diamine",1.18,3.532,6.738,12.377,0.542228,0.54316,0.545018,,,,
97-74-5,Tetramethylthiuram monosulfide,18.06,3.752,6.632,10.544,13.667504,13.678138,13.700138,,,,
97-78-9,N-dodecanoyl-n-methylglycine,42.07,31.489,61.509,128.265,0.161298,0.164928,0.171576,,,,
5124-25-4,C.i.disperse yellow 42,109.1,36.92,80.765,198.751,1.062743,1.536976,2.485713,,,,
104-40-5,4-n-nonylphenol,62.6,5.724,14.385,36.309,0.432921,0.440435,0.459261,,,,
