CAS,Compound,MW,logP,Fup,Clint_lit,GCN_log10_pred,GCN_Clint_pred,RF_log10_pred,RF_Clint_pred,fold_error_GCN,fold_error_RF,in_pilot,has_smiles
116-06-3,Aldicarb,190.3,1.129,0.4809,0.0,1.7742,59.4497,0.5095,3.2316,,,False,True
101-05-3,Anilazine,275.5,3.878,0.005,22.5,-2.725,0.0009,1.4199,26.2939,11945.245,1.169,False,True
80-05-7,Bisphenol-a,228.3,3.32,0.0385,19.9,1.4212,26.372,1.235,17.1798,1.325,1.158,True,True
79622-59-6,Fluazinam,465.1,4.01,0.004357,24.76,0.418,2.6172,1.0761,11.9128,9.457,2.078,False,True
142459-58-3,Flufenacet,363.3,3.2,0.1375,29.0,0.4522,2.8318,1.8196,66.0045,10.238,2.276,False,True
126-73-8,Tributyl phosphate,266.3,3.997,0.03481,0.0,1.6293,42.5888,1.2921,19.5927,,,False,True
57-97-6,"""7,12-dimethylbenz(a)anthracene""",256.3,5.8,0.005,3.226,1.0347,10.8303,0.9638,9.1998,3.356,2.851,False,True
443-48-1,Metronidazole,171.2,-0.02363,0.96,3.0,-0.0785,0.8336,-0.2487,0.563,3.596,5.321,False,True
50-35-1,Thalidomide,258.2,0.3288,0.4,4.0,1.3019,20.0371,1.0058,10.1331,5.008,2.533,False,True
99-65-0,"1,3-dinitrobenzene",168.1,1.492,0.391,0.0,0.9374,8.656,0.8297,6.7557,,,False,True
79-95-8,"2,2',6,6'-tetrachlorobisphenol a",366.1,7.151,0.00598,18.7,1.1735,14.9089,0.5004,3.1639,1.254,5.909,False,True
1702-17-6,Clopyralid,192.0,1.062,0.438,0.0,0.2589,1.8143,0.3528,2.2522,,,False,True
131807-57-3,Famoxadone,374.4,4.649,0.0097,16.4,0.7522,5.6514,0.7518,5.6464,2.902,2.904,False,True
4707-47-5,"Methyl 2,4-dihydroxy-3,6-dimethylbenzoate",196.2,2.051,0.0335,268.0,1.8098,64.5279,0.2861,1.9312,4.153,138.702,False,True
6923-22-4,Monocrotophos,223.2,-0.1994,0.898,0.0,1.9106,81.3851,-0.4172,0.3816,,,False,True
625114-41-2,Piragliatin,421.9,1.964,0.48,6.26,,,1.1671,14.6929,,2.347,False,False
2971-36-0,"2,2-bis(4-hydroxyphenyl)-1,1,1-trichloroethane (hpte)",317.6,4.622,0.005,136.5,1.4744,29.8119,1.0088,10.2047,4.579,13.375,False,True
94-75-7,"2,4-d",221.0,2.809,0.04001,0.0,1.2762,18.8869,-2.9277,0.0002,,,True,True
94-82-6,"2,4-db",249.1,3.528,0.006623,0.0,1.3069,20.2731,1.0048,10.1097,,,False,True
90-43-7,2-phenylphenol,170.2,3.091,0.04105,0.0,0.9288,8.4866,-1.8315,0.0137,,,False,True
1007-28-9,6-desisopropylatrazine,173.6,1.15,0.4588,0.0,-3.6563,0.0,0.8186,6.5848,,,False,True
71751-41-2,Abamectin,819.0,4.48,0.06687,5.24,1.4637,29.0858,1.0217,10.5115,5.55,2.006,False,True
30560-19-1,Acephate,183.2,-0.8482,0.8684,0.0,2.151,141.5844,-0.2337,0.5829,,,False,True
135410-20-7,Acetamiprid,222.7,1.834,0.5732,0.0,0.5375,3.4468,0.8675,7.37,,,False,True
34256-82-1,Acetochlor,269.8,3.032,0.1598,84.71,2.1007,126.0929,1.9353,86.1532,1.489,1.017,True,True
50594-66-6,Acifluorfen,361.7,3.701,0.0111,0.0,1.2189,16.5535,0.9402,8.7134,,,False,True
15972-60-8,Alachlor,269.8,3.518,0.1332,62.9,1.7476,55.9291,1.9468,88.471,1.125,1.407,False,True
121-75-5,Malathion,330.4,2.359,0.145,368.0,2.1555,143.043,0.9867,9.6966,2.573,37.948,False,True
834-12-8,Ametryn,227.3,2.979,0.003952,14.7,-1.8102,0.0145,1.3779,23.8711,949.712,1.624,False,True
33089-61-1,Amitraz,293.4,5.495,1e-06,33.3,0.9455,8.8203,1.6639,46.121,3.775,1.385,False,True
104206-82-8,Mesotrione,339.3,0.783,0.3548,0.0,1.6803,47.8961,1.0742,11.8627,,,False,True
1912-24-9,Atrazine,215.7,2.611,0.1237,0.0,-2.836,0.0005,-2.9235,0.0002,,,True,True
86-50-0,Azinphos-methyl,317.3,2.749,0.2137,32.63,-0.0981,0.7968,1.2632,18.3312,40.901,1.78,False,True
131860-33-8,Azoxystrobin,403.4,2.503,0.04763,32.39,0.1524,1.4195,0.2604,1.8204,22.802,17.784,False,True
22781-23-3,Bendiocarb,223.2,1.702,0.1971,21.66,1.1735,14.9083,0.6285,4.2504,1.453,5.095,False,True
83055-99-6,Bensulfuron-methyl,410.4,2.289,0.00905,1.65,0.5484,3.5345,0.5682,3.6988,2.141,2.241,False,True
741-58-2,Bensulide,397.5,4.209,0.006078,250.3,1.7203,52.5189,0.7886,6.1445,4.766,40.729,False,True
25057-89-0,Bentazone,240.3,2.337,0.02147,0.0,1.0259,10.614,-0.023,0.9474,,,False,True
149877-41-8,Bifenazate,300.4,3.165,0.836,41.15,0.8702,7.4147,1.637,43.3512,5.549,1.053,False,True
82657-04-3,Bifenthrin,422.9,6.186,0.005,0.0,1.5311,33.9728,0.7351,5.4331,,,False,True
113-48-4,Mgk,275.4,3.7,0.005,0.0,1.6128,41.0033,1.524,33.4157,,,False,True
188425-85-6,Boscalid,343.2,2.961,0.03201,17.28,0.2949,1.9707,0.8049,6.3801,8.764,2.708,False,True
314-40-9,Bromacil,261.1,2.109,0.0852,0.0,0.9614,9.1484,0.5374,3.4453,,,False,True
1689-84-5,Bromoxynil,276.9,2.625,0.5001,7.866,1.1649,14.6173,1.0927,12.3796,1.858,1.574,False,True
69327-76-0,Buprofezin,305.4,4.299,0.0003605,18.47,1.2499,17.7776,1.5443,35.0152,1.039,1.896,False,True
23184-66-9,Butachlor,311.8,4.497,0.005,100.8,1.7087,51.1293,1.0624,11.5434,1.971,8.732,False,True
33629-47-9,Butralin,295.3,4.929,0.005,31.35,1.0065,10.1499,0.8404,6.9242,3.089,4.527,False,True
2008-41-5,Butylate,217.4,4.149,0.005,52.51,1.9474,88.599,-1.6727,0.0202,1.687,2471.597,False,True
63-25-2,Carbaryl,201.2,2.358,0.6922,27.27,1.1215,13.2268,0.5663,3.6825,2.062,7.404,False,True
5234-68-4,Carboxin,235.3,2.14,0.175,24.41,1.4811,30.2718,1.0207,10.4882,1.24,2.327,False,True
54593-83-8,Chlorethoxyfos,336.0,4.588,0.00394,617.0,1.8814,76.1093,1.1407,13.8251,8.107,44.626,False,True
1698-60-8,Chloridazon,221.6,1.172,0.4273,0.0,-0.8275,0.1478,0.6298,4.2627,,,False,True
101-21-3,Chlorpropham,213.7,3.507,0.0833,78.1,1.1672,14.6936,-1.7569,0.0165,5.315,4461.859,False,True
5598-13-0,Chlorpyrifos-methyl,322.5,4.31,0.005,24.1,0.6528,4.4946,1.1234,13.286,5.361,1.814,False,True
87818-31-3,Cinmethylin,274.4,4.62,0.005,28.17,1.431,26.9761,1.1999,15.8434,1.044,1.778,False,True
74115-24-5,Clofentezine,303.2,3.1,0.005,0.0,-2.4238,0.0028,1.3329,21.5234,,,False,True
81777-89-1,Clomazone,239.7,2.498,0.1734,3.038,1.3477,22.2671,0.3148,2.0635,7.327,1.472,False,True
101-10-0,Cloprop,200.6,2.542,0.02239,0.0,1.3374,21.7464,0.0979,1.2519,,,False,True
210880-92-5,Clothianidin,249.7,0.7017,0.5059,10.73,0.2503,1.7786,0.8678,7.3753,6.03,1.455,False,True
56-72-4,Coumaphos,362.8,4.128,1e-06,31.7,1.5907,38.9654,1.4984,31.508,1.229,1.006,True,True
21725-46-2,Cyanazine,240.7,2.221,0.3155,0.0,-2.3835,0.0031,0.4403,2.7553,,,False,True
113136-77-9,Cyclanilide,274.1,2.683,0.984,0.0,1.1756,14.9825,1.2322,17.0662,,,False,True
1134-23-2,Cycloate,215.4,3.924,0.005,34.48,2.0187,104.3917,-1.6119,0.0234,3.028,1410.714,False,True
94361-06-5,Cyproconazole,291.8,2.902,0.1086,1.538,-0.7943,0.1596,0.8458,7.011,9.584,4.556,False,True
121552-61-2,Cyprodinil,225.3,3.998,0.002141,37.77,-0.6927,0.2019,1.2978,19.8494,186.145,1.903,False,True
66215-27-8,Cyromazine,166.2,0.8033,0.9352,0.0,-3.3916,0.0,0.6578,4.5469,,,False,True
584-79-2,"D-cis,trans-allethrin",302.4,4.78,0.2902,0.0,1.7937,62.1808,1.37,23.443,,,False,True
533-74-4,Dazomet,162.3,0.6304,0.8914,12.42,2.2324,170.7806,0.6001,3.9811,13.749,3.119,False,True
333-41-5,Diazinon,304.3,3.809,0.0388,30.5,0.5984,3.9655,1.2127,16.3174,7.69,1.869,False,True
962-58-3,Diazoxon,288.3,2.072,0.3269,34.62,0.4777,3.003,0.7383,5.4731,11.525,6.324,False,True
1918-00-9,Dicamba,221.0,2.212,0.1802,0.0,1.4389,27.4707,0.2253,1.6791,,,False,True
1194-65-6,Dichlobenil,172.0,2.741,0.06222,0.0,0.7879,6.1354,0.8421,6.9505,,,False,True
99-30-9,Dichloran,207.0,2.799,0.005,0.0,0.799,6.2938,-2.3423,0.0035,,,False,True
120-36-5,Dichlorprop,235.1,2.827,0.008529,0.0,1.2849,19.2687,0.5824,3.8218,,,False,True
51338-27-3,Diclofop-methyl,341.2,4.709,0.005,0.0,1.2807,19.0842,0.9006,7.9532,,,False,True
145701-21-9,Diclosulam,406.2,2.52,0.00648,3.442,-1.1314,0.0729,0.5682,3.6988,46.6,1.075,False,True
115-32-2,Dicofol,370.5,5.024,1e-06,27.8,1.1118,12.9362,1.1912,15.5286,2.149,1.79,False,True
141-66-2,Dicrotophos,237.2,0.0002994,0.8457,0.0,2.1195,131.6585,0.286,1.9308,,,False,True
117-81-7,Diethylhexyl phthalate (dehp),390.6,7.525,0.04558,0.0,1.548,35.3195,0.9422,8.7529,,,False,True
134-62-3,Diethyltoluamide,191.3,2.184,0.3559,3.797,1.654,45.0782,0.721,5.2589,11.869,1.385,False,True
119446-68-3,Difenoconazole,406.3,4.297,0.0115,30.6,-0.4669,0.3403,0.8664,7.3515,89.668,4.162,False,True
43222-48-6,Difenzoquat metilsulfate,360.4,0.5632,0.8513,0.0,0.8655,7.3359,1.387,24.3797,,,False,True
87674-68-8,Dimethenamid,275.8,2.15,0.2318,19.92,1.8655,73.3586,0.8065,6.4031,3.683,3.111,False,True
60-51-5,Dimethoate,229.2,0.7805,0.9649,3.682,2.2219,166.6911,1.0795,12.0086,45.26,3.261,False,True
110488-70-5,Dimethomorph,387.9,2.68,0.09428,20.3,1.4721,29.6553,0.7031,5.0473,1.461,4.021,False,True
131-11-3,Dimethyl phthalate,194.2,1.584,0.656,0.0,1.714,51.7541,0.749,5.6101,,,False,True
83657-24-3,Diniconazole,326.2,4.297,0.01947,0.0,-0.6797,0.2081,0.8184,6.5819,,,False,True
122-39-4,Diphenylamine,169.2,3.499,0.003875,64.57,0.3938,2.4752,-1.334,0.0453,26.077,1393.355,False,True
97886-45-8,Dithiopyr,401.4,4.749,0.005,13.25,1.8193,65.9659,0.9006,7.9532,4.978,1.666,False,True
330-54-1,Diuron,233.1,2.678,0.1615,12.15,1.2458,17.6115,1.0048,10.1101,1.449,1.202,True,True
155569-91-8,Emamectin benzoate,1008.0,5.0,0.001379,0.0,1.446,27.9234,0.908,8.0892,,,False,True
115-29-7,Endosulfan,406.9,3.828,0.11,0.0,1.471,29.5772,1.6408,43.7334,,,False,True
759-94-4,Eptc,189.3,3.21,0.005,80.36,2.0629,115.5894,-1.752,0.0167,1.438,4539.664,False,True
66230-04-4,Esfenvalerate,419.9,6.2,1e-06,0.0,1.3042,20.1433,1.1912,15.5286,,,False,True
55283-68-6,Ethalfluralin,333.3,5.11,0.005,0.0,1.4189,26.2321,0.8162,6.5477,,,False,True
97780-06-8,Ethametsulfuron methyl,410.4,1.59,0.01566,0.0,-0.3147,0.4835,0.5755,3.7621,,,False,True
26225-79-6,Ethofumesate,286.3,2.703,0.1313,17.64,1.4951,31.266,1.0173,10.4051,1.772,1.695,False,True
13194-48-4,Ethoprop,242.3,3.588,0.09346,20.95,2.0266,106.3165,1.0243,10.5756,5.075,1.981,False,True
153233-91-1,Etoxazole,359.4,3.762,0.005,18.48,1.1464,14.0088,1.1003,12.5979,1.319,1.467,False,True
2593-15-9,Etridiazole,247.5,3.368,0.005,127.0,-1.082,0.0818,1.3957,24.8691,1533.91,5.107,False,True
161326-34-7,Fenamidone,311.4,2.747,0.02436,17.74,0.6267,4.2325,0.4727,2.9686,4.191,5.974,False,True
22224-92-6,Fenamiphos,303.4,3.23,0.04138,62.11,1.5789,37.9238,1.2552,17.9963,1.638,3.451,False,True
60168-88-9,Fenarimol,331.2,3.59,0.03671,3.788,-0.5306,0.2937,1.2763,18.8907,12.856,4.986,False,True
114369-43-6,Fenbuconazole,336.8,3.229,0.0188,21.7,-0.4839,0.3271,0.9674,9.2757,66.133,2.339,False,True
126833-17-8,Fenhexamid,302.2,3.513,0.05719,35.27,1.3084,20.3408,1.3677,23.3185,1.734,1.513,False,True
122-14-5,Fenitrothion,277.2,3.301,0.005,10.02,1.6097,40.7091,1.524,33.4157,4.062,3.335,False,True
66441-23-4,Fenoxaprop-ethyl,361.8,4.579,0.005,0.0,0.4999,3.1605,0.9006,7.9532,,,False,True
72490-01-8,Fenoxycarb,301.3,4.297,0.00327,23.1,1.2813,19.11,1.2796,19.0346,1.209,1.214,False,True
55-38-9,Fenthion,278.3,4.09,0.02203,87.2,1.9006,79.5505,0.7834,6.0724,1.096,14.358,False,True
120068-37-3,Fipronil,437.1,3.998,0.0461,0.0,0.4646,2.9137,1.1254,13.3451,,,False,True
79241-46-6,Fluazifop-p-butyl,383.4,4.5,0.005,234.4,0.9471,8.8529,0.9541,8.9966,26.474,26.052,False,True
3380-34-5,Triclosan,289.5,4.762,0.00428,27.8,1.0004,10.0072,1.1928,15.5886,2.778,1.783,False,True
131341-86-1,Fludioxonil,248.2,4.116,0.003583,37.05,0.0246,1.0574,1.2926,19.6163,35.008,1.889,False,True
68694-11-1,Triflumizole,345.8,1.404,0.00839,19.6,0.0755,1.1887,1.5716,37.2857,16.475,1.902,False,True
62924-70-3,Flumetralin,421.7,5.447,0.005,0.0,1.2863,19.3323,0.7351,5.4331,,,False,True
98967-40-9,Flumetsulam,325.3,1.61,0.01727,7.521,-1.1974,0.0625,0.3572,2.2749,118.506,3.305,False,True
103361-09-7,Flumioxazin,354.3,2.549,0.02807,8.336,1.3244,21.1037,0.31,2.041,2.531,4.083,False,True
2164-17-2,Fluometuron,232.2,2.421,0.2589,10.06,1.4957,31.3083,0.513,3.2571,3.112,3.088,False,True
361377-29-9,Fluoxastrobin,458.8,4.011,0.0362,16.35,0.0415,1.0992,1.1044,12.7174,14.862,1.286,False,True
69377-81-7,Fluroxypyr,255.0,1.677,0.09194,1.791,0.6663,4.6371,1.561,36.3936,2.588,20.309,False,True
81406-37-3,Fluroxypyr-meptyl,367.2,4.529,0.005,0.0,1.0168,10.3931,0.9541,8.9966,,,False,True
85509-19-9,Flusilazole,315.4,3.701,0.02893,6.959,-0.5962,0.2524,0.8265,6.7063,27.467,1.038,False,True
66332-96-5,Flutolanil,323.3,3.702,0.01882,14.17,1.2272,16.8715,0.9429,8.7665,1.191,1.616,False,True
173159-57-4,Foramsulfuron,452.4,0.7454,0.0649,0.0,0.5536,3.5766,1.0867,12.2092,,,False,True
68157-60-8,Forchlorfenuron,247.7,3.199,0.02755,26.87,-0.1844,0.653,0.8058,6.3931,41.089,4.202,False,True
23422-53-9,Formetanate hydrochloride,257.7,-0.4626,0.8853,13.72,1.0703,11.7563,0.4556,2.8538,1.167,4.806,False,True
98886-44-3,Fosthiazate,283.3,1.681,0.4599,0.0,1.9207,83.3035,1.896,78.697,,,False,True
100784-20-1,Halosulfuron-methyl,434.8,-0.01661,0.009462,0.0,0.0483,1.1166,1.1727,14.8814,,,False,True
79983-71-4,Hexaconazole,314.2,3.899,0.041,16.22,-0.878,0.1314,1.2596,18.1787,122.482,1.121,False,True
51235-04-2,Hexazinone,252.3,1.849,0.613,6.361,0.6442,4.4065,1.4898,30.8901,1.443,4.856,False,True
78587-05-0,Hexythiazox,352.9,2.905,0.005,110.4,1.5913,39.0208,0.876,7.515,2.829,14.689,False,True
119515-38-7,Icaridin,229.3,2.534,0.2842,12.56,1.6187,41.5648,0.4545,2.847,3.309,4.41,False,True
35554-44-0,Imazalil,297.2,3.818,0.02956,0.0,0.0449,1.108,0.7771,5.9847,,,False,True
114311-32-9,Imazamox,305.3,0.7307,0.4548,0.0,0.2093,1.6182,1.1097,12.872,,,False,True
104098-48-8,Imazapic,275.3,2.464,0.5468,0.0,0.0962,1.2471,1.1426,13.8853,,,False,True
81334-34-1,Imazapyr,261.3,0.2237,0.9231,0.0,-0.1101,0.775,1.185,15.3104,,,False,True
81335-37-7,Imazaquin,311.3,1.861,0.1513,2.457,-0.0009,0.997,0.5625,3.6503,2.463,1.485,False,True
81335-77-5,Imazethapyr,289.3,1.446,0.2895,2.351,0.1365,1.3683,1.8114,64.7717,1.718,27.539,False,True
138261-41-3,Imidacloprid,255.7,0.5735,0.6559,2.807,0.6672,4.6468,0.6016,3.9951,1.655,1.423,True,True
173584-44-6,Indoxacarb,527.8,4.647,0.005,31.36,1.2456,17.6015,0.9087,8.1037,1.782,3.869,False,True
144550-36-7,Iodosulfuron-methyl-sodium,529.2,1.881,0.006681,5.691,0.1476,1.4038,0.6687,4.6623,4.052,1.221,False,True
36734-19-7,Iprodione,330.2,2.998,0.005,11.7,1.137,13.7091,1.3102,20.4259,1.172,1.746,False,True
42509-80-8,Isazofos,313.7,3.819,0.06539,19.53,-0.3762,0.4195,1.3033,20.1036,46.444,1.029,False,True
82558-50-7,Isoxaben,332.4,3.94,0.0718,17.7,0.5395,3.4623,1.2254,16.8029,5.111,1.053,False,True
141112-29-0,Isoxaflutole,359.3,2.322,0.01655,20.42,0.9545,9.0042,0.5259,3.3557,2.268,6.084,False,True
77501-63-4,Lactofen,461.8,4.808,0.005,0.0,1.4114,25.7835,0.9087,8.1037,,,False,True
58-89-9,Lindane,290.8,3.719,0.0165,0.0,1.5787,37.9017,1.1715,14.8425,,,False,True
330-55-2,Linuron,249.1,3.198,0.1051,33.05,1.2768,18.9125,1.0239,10.5656,1.747,3.128,False,True
120-47-8,Ethylparaben,166.2,2.464,0.1057,57.24,1.6047,40.2388,0.8667,7.3565,1.422,7.78,False,True
94-74-6,Mcpa,200.6,3.243,0.01797,0.0,1.4817,30.3164,-1.837,0.0136,,,False,True
208465-21-8,Mesosulfuron-methyl,503.5,1.014,0.005,5.452,0.7782,5.9996,1.5891,38.8228,1.1,7.12,False,True
121-14-2,"""2,4-dinitrotoluene""",182.1,1.979,0.09602,0.0,1.1592,14.4271,0.9906,9.7839,,,False,True
57837-19-1,Metalaxyl,279.3,1.65,0.7306,0.0,1.8697,74.0867,1.8976,78.9997,,,False,True
950-37-8,Methidathion,302.3,2.199,0.2685,3.924,1.1382,13.7457,1.1671,14.6926,3.502,3.744,False,True
72-43-5,Methoxychlor,345.6,5.08,0.0171,12.5,1.4911,30.983,0.5834,3.8311,2.479,3.262,False,True
161050-58-4,Methoxyfenozide,368.5,3.699,0.06119,16.2,1.619,41.5937,1.205,16.0327,2.567,1.01,False,True
298-00-0,Methyl parathion,263.2,2.862,0.02832,14.19,1.5063,32.0826,0.5384,3.4534,2.261,4.108,False,True
51218-45-2,Metolachlor,283.8,3.131,0.1773,35.37,1.7362,54.4804,1.7217,52.6801,1.54,1.489,False,True
21087-64-9,Metribuzin,214.3,1.7,0.4787,1.067,-0.7685,0.1694,0.5999,3.9788,6.267,3.726,False,True
74223-64-6,Metsulfuron-methyl,381.4,2.199,0.08599,2.319,-0.0137,0.9679,0.8038,6.364,2.394,2.744,False,True
7786-34-7,Mevinphos,224.1,0.1298,0.674,4.7,2.0363,108.7098,-0.3607,0.4348,23.125,10.788,False,True
13674-87-8,"""tris(1,3-dichloro-2-propyl) phosphate (tdcpp)""",430.9,3.65,0.01078,5.092,1.7607,57.6413,0.916,8.2396,11.318,1.618,False,True
2212-67-1,Molinate,187.3,3.209,0.09714,0.0,2.008,101.8582,-2.0615,0.0077,,,False,True
131-70-4,Monobutyl phthalate,222.2,2.372,0.2077,0.0,1.5546,35.8551,-2.0486,0.0079,,,False,True
88671-89-0,Myclobutanil,288.8,2.94,0.08429,16.4,-0.7888,0.1616,1.3737,23.6403,100.855,1.441,False,True
15299-99-7,Napropamide,271.4,3.358,0.005,15.15,1.366,23.2244,1.524,33.4157,1.533,2.206,False,True
50-65-7,Niclosamide,327.1,3.748,0.005,12.0,1.0094,10.2181,1.1843,15.2851,1.174,1.274,False,True
27314-13-2,Norflurazon,303.7,2.378,0.1841,11.09,-0.1617,0.6881,1.235,17.1792,16.094,1.549,False,True
19044-88-3,Oryzalin,346.4,3.725,0.004802,20.2,1.3742,23.6673,1.134,13.6128,1.172,1.484,False,True
19666-30-9,Oxadiazon,345.2,4.798,0.00364,0.0,-0.0641,0.8617,1.0567,11.3945,,,False,True
23135-22-0,Oxamyl,219.3,-0.4706,0.7926,0.0,2.3505,224.1133,-0.4172,0.3816,,,False,True
144651-06-9,Oxasulfuron,406.4,1.101,0.06084,3.107,0.701,5.0224,1.1124,12.9544,1.616,4.168,False,True
42874-03-3,Oxyfluorfen,361.7,4.73,0.1218,0.0,1.1647,14.6108,1.5433,34.9399,,,False,True
6153-64-6,Oxytetracycline dihydrate,496.5,-3.97,0.3982,0.0,1.59,38.9057,0.6621,4.5925,,,False,True
76738-62-0,Paclobutrazol,293.8,3.202,0.1538,7.14,-0.6139,0.2423,1.9447,88.0347,29.351,12.328,False,True
56-38-2,Parathion,291.3,3.83,0.04,6.65,1.4694,29.4683,1.2961,19.7734,4.431,2.973,False,True
40487-42-1,Pendimethalin,281.3,5.198,0.005,7.214,1.2242,16.7566,0.8712,7.4331,2.323,1.03,False,True
219714-96-2,Penoxsulam,483.4,2.482,0.01009,0.0,-0.3641,0.4314,0.4936,3.115,,,False,True
52645-53-1,Permethrin,391.3,6.499,1e-06,68.4,1.4257,26.6498,1.1912,15.5286,2.567,4.405,False,True
122-99-6,Phenoxyethanol,138.2,1.161,0.2957,0.0,1.118,13.1196,0.641,4.3742,,,False,True
2310-17-0,Phosalone,367.8,4.38,0.00608,25.1,1.2344,17.1553,0.7834,6.0714,1.463,4.134,False,True
1918-02-1,Picloram,241.4,1.899,0.23,0.0,0.3999,2.5104,1.6057,40.3392,,,False,True
51-03-6,Piperonyl butoxide,338.4,4.745,0.005,76.01,1.4374,27.379,0.9006,7.9532,2.776,9.556,False,True
23103-98-2,Pirimicarb,238.3,1.698,0.1633,22.53,0.9593,9.1036,1.3498,22.377,2.475,1.007,False,True
29232-93-7,Pirimiphos-methyl,305.3,4.197,0.0134,49.7,0.5188,3.3012,0.9747,9.4326,15.051,5.268,False,True
67747-09-5,Prochloraz,376.7,4.098,0.02237,16.4,0.2865,1.9331,0.6261,4.227,8.48,3.879,False,True
29091-21-2,Prodiamine,350.3,4.102,0.005,7.216,1.3044,20.1564,1.0395,10.9502,2.793,1.517,False,True
1610-18-0,Prometon,225.3,2.991,0.0289,8.17,-1.9237,0.0109,0.5222,3.3269,685.473,2.455,False,True
7287-19-6,Prometryn,241.4,3.511,0.005,35.78,-1.5885,0.0248,1.4118,25.8097,1387.368,1.386,False,True
25606-41-1,Propamocarb hydrochloride,224.7,0.02809,0.8435,5.815,1.442,27.666,0.206,1.6059,4.757,3.619,False,True
709-98-8,Propanil,218.1,3.071,0.0713,11.3,1.0488,11.1889,-1.8049,0.0147,1.01,721.195,False,True
139-40-2,Propazine,229.7,2.931,0.03651,14.6,-2.5309,0.0019,0.7885,6.1436,4957.687,2.376,False,True
31218-83-4,Propetamphos,281.3,3.816,0.009787,16.24,1.909,81.0881,1.033,10.7887,4.993,1.505,False,True
114-26-1,Propoxur,209.2,1.524,0.2159,6.899,1.4037,25.3307,0.2826,1.916,3.671,3.599,False,True
23950-58-5,Propyzamide,256.1,3.429,0.06756,5.4,1.2467,17.6488,1.211,16.2546,3.268,3.01,False,True
94125-34-5,Prosulfuron,419.4,1.891,0.005,10.37,0.1122,1.2937,0.8953,7.857,8.01,1.32,False,True
123312-89-0,Pymetrozine,217.2,-0.1774,0.9946,8.611,-1.1179,0.0752,-0.7249,0.1874,112.972,45.711,False,True
175013-18-0,Pyraclostrobin,387.8,3.99,0.001584,53.93,0.3394,2.1837,1.419,26.2388,24.686,2.055,False,True
96489-71-3,Pyridaben,364.9,6.367,0.005,63.93,0.8121,6.4873,0.7351,5.4331,9.853,11.765,False,True
53112-28-0,Pyrimethanil,199.3,2.841,0.01673,43.89,-0.8145,0.1523,-2.4278,0.0027,286.362,11753.07,False,True
95737-68-1,Pyriproxyfen,321.4,4.199,0.000907,16.86,0.5785,3.7874,1.5443,35.0152,4.451,2.077,False,True
123343-16-8,Pyrithiobac-sodium,348.7,0.6002,0.0334,0.0,0.4774,3.0008,0.8138,6.5121,,,False,True
84087-01-4,Quinclorac,242.1,2.772,0.02799,0.0,0.2131,1.6325,0.3331,2.1522,,,False,True
124495-18-7,Quinoxyfen,308.1,4.66,0.005,0.0,0.2193,1.6561,1.0088,10.2047,,,False,True
10453-86-8,Resmethrin,338.4,6.14,0.005,0.0,1.4767,29.9714,0.7351,5.4331,,,False,True
122931-48-0,Rimsulfuron,431.4,0.2909,0.6278,0.0,0.1295,1.3465,1.106,12.7646,,,False,True
83-79-4,Rotenone,394.4,4.098,0.003404,28.31,1.4327,27.0798,1.1713,14.8351,1.045,1.908,False,True
28434-00-6,s-bioallethrin,302.4,4.78,1e-06,45.9,1.7937,62.1808,1.8459,70.1238,1.355,1.528,False,True
74051-80-2,Sethoxydim,327.5,4.38,0.05472,11.87,,,1.1727,14.8834,,1.254,False,False
122-34-9,Simazine,201.7,2.18,0.2845,6.326,-3.1053,0.0,0.5934,3.9199,8063.934,1.614,False,True
118134-30-8,Spiroxamine,297.5,4.616,0.005446,3.353,1.569,37.069,1.0088,10.2047,11.052,3.043,False,True
122836-35-5,Sulfentrazone,387.2,0.9936,0.9933,5.715,0.1842,1.5273,1.6732,47.1228,3.74,8.244,False,True
112410-23-8,Tebufenozide,352.5,4.247,0.03378,22.4,1.5765,37.7168,1.0678,11.6898,1.684,1.916,False,True
119168-77-3,Tebufenpyrad,333.9,4.61,0.005,15.94,0.9485,8.8806,0.9846,9.6498,1.795,1.652,False,True
96182-53-5,Tebupirimfos,318.4,3.543,0.005,22.64,0.198,1.5767,1.262,18.2821,14.351,1.238,False,True
34014-18-1,Tebuthiuron,228.3,1.788,0.4172,5.282,-0.14,0.7235,1.5152,32.7502,7.292,6.199,False,True
79538-32-2,Tefluthrin,418.7,2.396,0.005,24.81,1.8757,75.1045,0.7948,6.2335,3.027,3.98,False,True
149979-41-9,Tepraloxydim,341.8,3.688,0.3834,3.349,,,1.4765,29.9549,,8.942,False,False
5902-51-2,Terbacil,216.7,1.89,0.1029,2.272,0.8223,6.6406,0.3616,2.2984,2.922,1.012,False,True
7696-12-0,Tetramethrin,331.4,4.727,0.005,37.6,1.8504,70.8559,0.9846,9.6498,1.884,3.896,False,True
148-79-8,Thiabendazole,201.2,2.468,0.1382,0.0,-2.4826,0.0023,0.4311,2.6973,,,False,True
111988-49-9,Thiacloprid,252.7,0.9225,0.2857,2.574,0.2538,1.793,0.8942,7.8371,1.435,3.044,False,True
153719-23-4,Thiamethoxam,291.7,-0.1191,0.8286,0.0,0.3937,2.475,0.4556,2.8538,,,False,True
117718-60-2,Thiazopyr,396.4,3.889,0.01139,41.5,1.362,23.0125,0.9273,8.4577,1.803,4.906,False,True
51707-55-2,Thidiazuron,220.2,1.769,0.02837,0.0,-1.6085,0.0236,0.449,2.8108,,,False,True
28249-77-6,Thiobencarb,257.8,3.4,1e-06,233.0,1.823,66.5337,2.2049,160.2704,3.502,1.454,False,True
23564-05-8,Thiophanate-methyl,342.4,1.4,0.427,2.469,1.5973,39.5608,1.7628,57.917,16.017,23.449,False,True
43121-43-3,Triadimefon,293.8,2.771,0.1142,14.59,-0.475,0.334,0.8118,6.4828,43.559,2.25,False,True
55219-65-3,Triadimenol,295.8,2.901,0.1258,0.0,-0.6666,0.2145,1.0056,10.1279,,,False,True
82097-50-5,Triasulfuron,401.8,1.102,0.02305,14.58,-0.098,0.797,1.1341,13.6177,18.271,1.071,False,True
78-48-8,Tribufos,314.5,5.7,0.06651,125.1,2.044,110.6536,1.0573,11.4104,1.131,10.963,False,True
55335-06-3,Triclopyr,256.5,2.516,0.02237,0.0,0.3862,2.4323,0.2719,1.8694,,,False,True
81-81-2,Warfarin,308.3,2.7,0.01327,0.0,1.2669,18.4866,0.6755,4.7355,,,False,True
199119-58-9,Trifloxysulfuron-sodium,459.3,0.8201,0.00376,0.0,0.189,1.5442,1.633,42.9481,,,False,True
85532-75-8,Pk 11195,352.9,4.793,0.01614,42.12,0.6339,4.3031,0.7518,5.6464,9.786,7.458,False,True
126535-15-7,Triflusulfuron-methyl,492.4,3.557,0.3292,14.47,0.3495,2.2354,1.4522,28.3261,6.471,1.958,False,True
131983-72-7,Triticonazole,317.8,3.293,0.1373,6.118,-0.5674,0.2697,1.9481,88.7324,22.601,14.501,False,True
50471-44-8,Vinclozolin,286.1,3.102,0.5936,18.34,1.0097,10.224,1.6236,42.0293,1.794,2.292,False,True
156052-68-5,Zoxamide,336.6,3.759,0.01031,0.0,1.5847,38.4298,0.9606,9.132,,,False,True
101-54-2,"""n-phenyl-1,4-benzenediamine""",184.2,2.657,0.1434,15.59,0.4102,2.5708,0.5644,3.6669,6.062,4.251,False,True
101-61-1,"""4,4'-methylenebis(n,n-dimethylaniline)""",254.4,3.803,0.001109,18.85,1.4997,31.5999,1.5299,33.8781,1.676,1.797,False,True
101-80-4,"""4,4'-oxydianiline""",200.2,1.364,0.3284,0.0,0.8451,6.9984,0.6414,4.3782,,,False,True
101-86-0,2-benzylideneoctanal,216.3,4.339,0.009805,14.36,1.3835,24.1826,-2.0607,0.0077,1.684,1651.473,False,True
102-06-7,"""1,3-diphenylguanidine""",211.3,2.959,0.7844,0.0,0.4371,2.7348,-1.5418,0.0277,,,False,True
102-27-2,N-ethyl-3-methylaniline,135.2,2.42,0.1414,13.12,0.9924,9.8246,0.889,7.7444,1.335,1.694,False,True
1024-57-3,"""heptachlor epoxide, isomer b""",389.3,5.191,0.01068,0.0,1.3091,20.3737,0.5834,3.8311,,,False,True
103-23-1,Di(2-ethylhexyl)adipate,370.6,6.851,0.03861,13.56,1.6861,48.5407,0.9136,8.1947,3.58,1.655,False,True
103-24-2,Azelaic acid di(2-ethylhexyl) ester,412.7,8.993,0.03126,3.152,1.6733,47.1309,0.9136,8.1947,14.948,2.599,False,True
103-90-2,Acetaminophen,151.2,0.4621,0.9398,0.3598,1.3389,21.8233,0.6396,4.3603,60.489,12.088,False,True
104-67-6,5-heptyldihydro-2(3h)-furanone,184.3,3.445,0.069,9.47,1.6007,39.8706,-1.2364,0.057,4.21,163.217,False,True
10540-29-1,Tamoxifen,371.5,6.235,0.00165,0.0,1.3845,24.2368,1.0751,11.8867,,,False,True
105-99-7,Dibutyl hexanedioate,258.4,3.927,0.5872,14.03,1.8097,64.5234,1.56,36.3044,4.599,2.588,False,True
10605-21-7,Methyl 1h-benzimidazol-2-ylcarbamate,191.2,1.519,0.4872,24.0,-0.9596,0.1087,0.6557,4.5253,218.706,5.303,False,True
106-44-5,4-methylphenol,108.1,1.94,0.3259,39.66,1.4471,27.9973,0.8704,7.4182,1.417,5.346,False,True
106-65-0,Dimethyl succinate,146.1,0.3505,0.9999,364.4,2.1238,132.9947,0.4661,2.9241,2.74,124.575,False,True
107534-96-3,Tebuconazole,307.8,3.7,0.06601,5.278,-0.5787,0.2628,1.381,24.0454,20.011,4.555,False,True
108-46-3,Resorcinol,110.1,0.8006,0.7448,14.48,1.339,21.8258,0.6692,4.6682,1.507,3.101,False,True
108-95-2,Phenol,94.11,1.462,0.6201,5.496,1.146,13.9953,0.8615,7.269,2.546,1.323,False,True
110235-47-7,Mepanipyrim,223.3,3.279,0.03419,0.0,-0.7529,0.1756,-1.873,0.0124,,,False,True
110-26-9,"""n,n'-methylenebis(acrylamide)""",154.2,-0.6668,1.0,0.0,1.5186,33.0092,-0.2337,0.5829,,,False,True
111-21-7,Triethylene glycol diacetate,234.2,0.5404,0.895,206.0,1.9875,97.1568,1.0912,12.3368,2.12,16.697,False,True
1119-40-0,Dimethyl glutarate,160.2,0.6217,0.6989,46.3,2.0759,119.0959,0.6485,4.4502,2.572,10.402,False,True
112-50-5,2-[2-(2-ethoxyethoxy)ethoxy]ethanol,178.2,0.03197,1.0,0.0,1.5575,36.1008,-0.1532,0.7018,,,False,True
114-07-8,Erythromycin,733.9,3.06,0.5653,0.0,1.4768,29.9759,1.4597,28.8182,,,False,True
115-86-6,Triphenyl phosphate,326.3,4.589,0.002852,26.44,1.071,11.7755,1.165,14.6201,2.245,1.808,False,True
117-84-0,Di-n-octyl phthalate,390.6,8.097,0.0233,0.0,1.5915,39.036,0.9136,8.1947,,,False,True
119-61-9,Benzophenone,182.2,3.181,0.06543,9.134,1.147,14.0263,-1.6293,0.0225,1.536,389.068,False,True
119-90-4,"3,3'-dimethoxybenzidine",244.3,1.813,0.3343,0.0,0.9665,9.2559,1.5276,33.699,,,False,True
119-93-7,O-tolidine,212.3,2.34,0.1427,0.0,1.0425,11.0269,0.1278,1.3412,,,False,True
50-78-2,Aspirin,180.2,1.193,0.532,0.0,1.6069,40.4508,0.8186,6.5848,,,False,True
120-71-8,P-cresidine,137.2,1.737,0.4043,19.53,1.2605,18.2166,0.8905,7.77,1.072,2.513,False,True
121-00-6,2-tert-butyl-4-methoxy-phenol,180.2,3.202,0.07217,7.06,1.4916,31.016,-1.6293,0.0225,4.393,300.734,False,True
60-80-0,Antipyrine,188.2,0.3107,0.97,0.5062,0.467,2.9301,0.1354,1.365,5.779,2.693,False,True
123122-55-4,Candoxatril,515.6,3.856,0.2659,9.898,1.6406,43.7108,1.4469,27.9821,4.416,2.827,False,True
124-94-7,Triamcinolone,394.4,1.16,0.7348,2.492,1.4549,28.505,1.8248,66.7981,11.434,26.795,False,True
58-55-9,Theophylline,180.2,-0.02058,0.61,0.7788,-1.1859,0.0642,-0.2358,0.58,11.963,1.342,False,True
127308-82-1,Zamifenacin,415.5,5.742,0.002114,17.11,1.2544,17.9612,0.8883,7.7316,1.05,2.213,False,True
128-39-2,"""2,6-di-tert-butylphenol""",206.3,4.92,0.01953,0.0,1.448,28.0512,-2.3526,0.0034,,,False,True
129-00-0,Pyrene,202.3,4.883,0.02415,6.18,0.7374,5.4613,-2.2076,0.0052,1.132,996.823,False,True
131-17-9,Diallyl phthalate,246.3,3.229,0.9621,0.0,1.5441,35.0027,1.2646,18.3914,,,False,True
13292-46-1,Rifampicin,823.0,3.085,0.04344,0.0,,,0.9776,9.4958,,,False,False
13311-84-7,Flutamide,276.2,3.35,0.03758,30.38,1.2774,18.9418,1.3962,24.8996,1.604,1.22,False,True
57-63-6,Ethinylestradiol,296.4,3.669,0.014,0.0,1.4263,26.6884,1.1437,13.9203,,,False,True
139290-65-6,Volinanserin,373.5,3.106,0.5097,5.464,1.5012,31.7098,1.5067,32.1127,5.803,5.876,False,True
140-66-9,"""4-(1,1,3,3-tetramethylbutyl)phenol""",206.3,4.867,0.01902,26.98,1.4606,28.8809,-2.2152,0.0051,1.07,4428.821,False,True
1445-75-6,Diisopropyl methylphosphonate (dimp),180.2,1.034,0.9727,0.0,1.6411,43.7563,0.692,4.9199,,,False,True
145742-28-5,"""(2s,3s)-n-[2-methoxy-5-(trifluoromethoxy)benzyl]-2-phenylpiperidin-3-amine""",380.4,4.031,0.07996,0.0,1.4392,27.4911,1.1502,14.1297,,,False,True
147-24-0,Diphenhydramine hydrochloride,291.8,0.3888,0.4131,0.0,1.3014,20.0142,1.1234,13.2837,,,False,True
148-24-3,8-hydroxyquinoline,145.2,2.019,0.1184,69.68,-0.1954,0.6367,0.8496,7.0712,109.264,9.853,False,True
150-68-5,Monuron,198.6,1.941,0.4551,3.086,1.3564,22.7202,0.8187,6.5867,7.36,2.134,False,True
15310-01-7,Benodanil,323.1,2.855,0.07513,21.4,1.0106,10.2453,0.8975,7.8973,2.089,2.71,False,True
1563-66-2,Carbofuran,221.3,1.974,0.4213,0.0,1.3492,22.3437,0.8766,7.5251,,,False,True
1806-26-4,4-octylphenol,206.3,5.187,0.005,15.65,1.4774,30.0168,-1.9224,0.011,1.918,1309.108,False,True
1843-05-6,2-hydroxy-4-(octyloxy)benzophenone,326.4,6.395,1e-06,807.0,1.3856,24.2987,1.2751,18.8409,33.21,42.83,False,True
1861-32-1,Chlorthal-dimethyl,332.0,4.278,0.01666,38.62,1.7113,51.4408,0.9747,9.4326,1.332,4.094,False,True
1929-77-7,Vernolate,203.3,3.839,0.01906,25.1,2.0124,102.8919,-1.8081,0.0146,4.099,1613.735,False,True
2058-46-0,Oxytetracycline hydrochloride,496.9,-1.034,0.6283,0.0,1.5469,35.2318,0.3916,2.4628,,,False,True
205-99-2,Benzo[b]fluoranthene,252.3,5.779,0.01059,5.564,0.5321,3.4041,0.6471,4.4364,1.634,1.254,False,True
206-44-0,Fluoranthene,202.3,5.16,0.01409,8.064,0.591,3.8985,-1.9408,0.0105,2.068,703.657,False,True
2104-64-5,O-ethyl o-(p-nitrophenyl) phenylphosphonothioate,323.3,4.776,0.01016,8.16,1.2656,18.4323,0.8358,6.8509,2.259,1.191,True,True
2243-62-1,"""1,5-diaminonaphthalene""",158.2,0.8928,0.6333,0.0,0.5348,3.4252,0.6373,4.3371,,,False,True
24602-86-6,Tridemorph,297.5,5.595,0.002679,12.91,1.5269,33.6428,0.9723,9.3809,2.606,1.376,False,True
2528-16-7,Benzyl hydrogen phthalate,256.3,2.93,0.0352,0.0,1.4438,27.7827,0.7786,6.0058,,,False,True
2634-33-5,"""1,2-benzisothiazolin-3-one""",151.2,0.8033,0.005,34.74,-0.098,0.7971,0.8294,6.7501,43.532,5.146,False,True
2921-88-2,Chlorpyrifos,350.6,4.959,0.007932,2.6,0.7095,5.122,0.5085,3.2238,1.97,1.24,True,True
298-02-2,Phorate,260.4,3.693,0.0129,0.0,2.23,169.8268,1.2191,16.5597,,,False,True
298-46-4,Carbamazepine,236.3,2.449,0.5141,2.375,0.7675,5.8543,0.3834,2.4167,2.464,1.018,True,True
30516-87-1,Azidothymidine,267.2,0.04963,0.914,2.414,-0.1911,0.643,0.5806,3.8065,3.75,1.577,False,True
3147-75-9,Octrizole,323.4,4.018,0.0223,5.87,-0.6833,0.2064,0.7952,6.2399,28.314,1.063,False,True
35256-85-0,Butam,233.4,3.001,0.2267,9.846,1.6212,41.8058,1.383,24.154,4.246,2.453,False,True
3739-38-6,3-phenoxybenzoic acid,214.2,3.906,0.00716,0.0,1.1686,14.7441,-1.9998,0.009,,,False,True
4291-63-8,2-chloro-2'-deoxyadenosine,285.7,0.01732,0.9848,0.0,-2.125,0.0065,0.5011,3.1695,,,False,True
446-72-0,Genistein,270.2,2.962,0.02426,18.69,1.0738,11.8505,0.9238,8.3889,1.577,2.228,False,True
484-17-3,9-phenanthrol,194.2,3.911,0.005435,20.98,0.7929,6.2056,-1.3302,0.0458,3.38,448.779,False,True
50-29-3,"""p,p'-ddt""",354.5,6.91,1e-06,12.5,1.3086,20.3508,1.1912,15.5286,1.628,1.242,False,True
50-55-5,Reserpine,608.7,2.57,0.005994,0.0,1.3672,23.2889,0.4562,2.858,,,False,True
50892-23-4,Pirinixic acid,323.8,2.067,0.005454,7.51,-0.0899,0.812,0.8809,7.6006,9.239,1.012,False,True
51-28-5,"""2,4-dinitrophenol""",184.1,1.672,0.02723,0.0,1.1056,12.753,0.6399,4.3627,,,False,True
51-52-5,6-propyl-2-thiouracil,170.2,-0.3859,0.4736,1.323,0.4004,2.5132,-0.2358,0.58,1.899,2.279,False,True
527680-56-4,"""n-[(3r)-1-azabicyclo[2.2.2]oct-3-yl]-2,3-dihydro-1,4-benzodioxine-6-carboxamide""",288.3,1.835,1.0,3.688,,,0.9246,8.4056,,2.279,False,False
528-29-0,"""1,2-dinitrobenzene""",168.1,1.69,0.06949,24.2,0.9034,8.0045,0.4523,2.832,3.023,8.542,False,True
52-86-8,Haloperidol,375.9,4.288,0.1784,5.062,1.383,24.1514,1.4498,28.1731,4.77,5.565,False,True
53-03-2,Prednisone,358.4,1.466,0.4818,9.09,1.547,35.237,0.8138,6.5126,3.876,1.396,False,True
534-52-1,"""2-methyl-4,6-dinitrophenol""",198.1,2.131,0.002637,0.0,1.211,16.2539,1.0012,10.0266,,,False,True
548-62-9,Hexamethyl-p-rosaniline chloride,408.0,0.9598,0.01384,8.322,1.2972,19.8231,1.3611,22.9672,2.382,2.76,False,True
55285-14-8,Carbosulfan,380.6,4.829,0.005,26.74,1.6865,48.587,0.9006,7.9532,1.817,3.362,False,True
563-12-2,Ethion,384.5,5.066,1e-06,10.41,2.1957,156.9101,1.1912,15.5286,15.072,1.492,False,True
56-53-1,Diethylstilbestrol (des),268.4,5.067,0.00935,39.5,1.5573,36.0851,0.7266,5.3272,1.095,7.414,False,True
56-55-3,Benz[a]anthracene,228.3,5.602,0.01121,18.27,0.648,4.4452,0.6969,4.9749,4.109,3.672,False,True
57-41-0,Phenytoin,252.3,2.364,0.1624,0.8178,0.163,1.4544,-0.0728,0.8447,1.777,1.033,True,True
576-26-1,"""2,6-dimethylphenol""",122.2,2.36,0.2086,20.52,1.5019,31.7622,0.8784,7.5568,1.548,2.715,False,True
57-83-0,Progesterone,314.5,3.871,0.02311,33.7,1.6544,45.1216,0.763,5.7927,1.339,5.817,False,True
579-66-8,"""2,6-diethylaniline""",149.2,2.741,0.08962,16.13,1.4018,25.2206,0.8432,6.9688,1.564,2.314,False,True
84-74-2,Dibutylphthalate,278.3,4.609,0.028,42.5,1.604,40.1818,1.0721,11.8055,1.058,3.6,False,True
58-08-2,Caffeine,194.2,-0.07099,1.0,0.2855,-0.3923,0.4042,-0.4957,0.3183,1.414,1.115,True,True
58-14-0,Pyrimethamine,248.7,2.69,0.1177,2.768,-0.7952,0.1593,0.4805,3.0224,17.278,1.092,False,True
59756-60-4,Fluridone ,329.3,3.046,0.1378,5.594,0.8912,7.7827,1.8345,68.3075,1.391,12.209,False,True
599-79-1,Sulfasalazine,398.4,2.425,0.004,5.16,0.3075,2.0292,0.7948,6.2335,2.542,1.208,False,True
60-09-3,4-aminoazobenzene,197.2,3.409,0.0171,15.7,-0.253,0.5575,-1.6763,0.0201,28.112,745.187,False,True
60-57-1,Dieldrin,380.9,5.118,0.009376,0.0,1.3242,21.0926,0.5834,3.8311,,,False,True
606-20-2,"""2,6-dinitrotoluene""",182.1,2.098,0.131,34.64,1.2262,16.8351,0.8207,6.6165,2.058,5.235,False,True
63-05-8,Androstenedione,286.4,2.752,0.1744,25.92,1.6225,41.9257,1.2818,19.1323,1.617,1.355,False,True
6344-67-8,3-hydroxyfluorene,182.2,3.189,0.02488,20.56,1.1102,12.8885,-2.0391,0.0081,1.595,2249.801,False,True
7173-51-5,Didecyl dimethyl ammonium chloride,362.1,2.683,0.005,0.0,1.4483,28.0756,0.8604,7.2496,,,False,True
72-20-8,Endrin,380.9,5.118,0.006423,0.0,1.3242,21.0926,0.5085,3.2238,,,False,True
72-54-8,"""p,p'-ddd""",320.0,6.129,0.03115,0.0,1.3148,20.6449,0.9975,9.9427,,,False,True
732-11-6,Phosmet,317.3,2.781,0.0477,23.82,1.7637,58.0318,0.8163,6.5501,2.436,3.636,False,True
75330-75-5,Lovastatin,404.5,4.258,0.01429,21.9,1.5719,37.3116,0.8664,7.3515,1.704,2.979,False,True
77-09-8,Phenolphthalein,318.3,2.89,0.03116,47.4,0.9432,8.7726,0.4934,3.1136,5.403,15.219,False,True
77-40-7,Bisphenol b,242.3,3.765,0.01823,35.66,1.3369,21.7222,0.9019,7.9762,1.642,4.47,False,True
789-02-6,"""o,p'-ddt""",354.5,6.923,1e-06,15.3,1.2563,18.0413,1.1912,15.5286,1.179,1.015,False,True
79902-63-9,Simvastatin,418.6,4.677,0.00398,24.3,1.5954,39.3908,0.9006,7.9532,1.621,3.055,False,True
80-46-6,4-(2-methylbutan-2-yl)phenol,164.2,3.491,0.005,20.96,1.397,24.9473,-1.455,0.0341,1.19,597.589,False,True
105512-06-9,Clodinafop-propargyl,349.7,3.899,0.0148,1010.0,0.7895,6.1573,0.9516,8.944,164.006,112.912,False,True
838-88-0,"""4,4'-methylene bis(2-methylaniline)""",226.3,2.182,0.2257,3.984,1.2719,18.7002,1.4114,25.7835,4.693,6.47,False,True
68-22-4,Norethindrone,298.4,2.97,0.0516,0.0,1.519,33.0363,1.3855,24.2927,,,False,True
86-30-6,N-nitrosodiphenylamine,198.2,3.13,0.04368,8.288,0.372,2.3538,-2.1387,0.0063,3.52,1140.695,False,True
86386-73-4,Fluconazole ,306.3,0.5014,0.7109,1.832,-2.4516,0.0025,1.3062,20.2377,518.524,11.041,False,True
87-62-7,"""2,6-dimethylaniline""",121.2,1.839,0.4311,8.96,1.452,28.3141,0.8905,7.77,3.16,1.153,False,True
87-86-5,Pentachlorophenol,266.3,5.119,0.05441,8.764,1.2134,16.3461,0.9381,8.6702,1.865,1.011,True,True
88-06-2,"""2,4,6-trichlorophenol""",197.4,3.691,0.01512,18.76,1.0423,11.021,-1.6283,0.0225,1.702,797.109,False,True
88-85-7,Dinoseb,240.2,3.559,0.00043,0.0,1.2111,16.2588,1.6765,47.4781,,,False,True
90-04-0,2-anisidine,123.2,1.18,0.4532,0.0,1.0209,10.4914,0.8192,6.594,,,False,True
91-22-5,Quinoline,129.2,2.031,0.2036,38.6,-0.6431,0.2265,0.785,6.0941,169.698,6.333,False,True
91-53-2,Ethoxyquin,217.3,3.106,0.01069,15.16,0.914,8.2021,-2.0186,0.0086,1.848,1582.328,False,True
91-59-8,2-naphthylamine,143.2,2.281,0.1099,18.5,0.7085,5.1102,0.8713,7.4345,3.62,2.488,False,True
91-64-5,Coumarin,146.1,1.391,0.1922,0.0,0.7803,6.0288,0.5825,3.8231,,,False,True
92-87-5,Benzidine,184.2,1.34,0.1977,6.91,0.7577,5.7231,0.5825,3.8231,1.207,1.807,False,True
94-13-3,Propylparaben,180.2,3.036,0.07639,38.0,1.5938,39.2443,-1.652,0.0213,1.033,1705.454,False,True
94-26-8,Butylparaben,194.2,3.565,0.0191,39.3,1.5888,38.7957,-1.7787,0.0156,1.013,2361.22,False,True
94-28-0,Tri(ethylene glycol) bis(2-ethylhexanoate),402.6,3.6,0.005,22.62,1.7105,51.3453,1.1639,14.5845,2.27,1.551,False,True
95-48-7,2-methylphenol,108.1,1.951,0.38,27.48,1.341,21.9275,0.8835,7.6469,1.253,3.593,False,True
95-95-4,"""2,4,5-trichlorophenol""",197.4,3.722,0.005322,26.24,1.007,10.1615,-1.311,0.0479,2.582,536.952,False,True
97-53-0,Eugenol,164.2,2.272,0.1922,103.6,1.4496,28.1597,1.0323,10.7715,3.679,9.617,False,True
97-54-1,Isoeugenol,164.2,3.035,0.005,71.78,1.3418,21.9661,1.3451,22.1337,3.268,3.243,False,True
98-54-4,4-tert-butylphenol,150.2,3.31,0.1052,26.8,1.4301,26.9201,1.1714,14.8383,1.004,1.806,False,True
98-95-3,Nitrobenzene,123.1,1.851,0.3844,8.168,0.9103,8.1324,0.8905,7.77,1.004,1.051,False,True
99-08-1,3-nitrotoluene,137.1,2.449,0.07728,16.82,1.1687,14.7449,0.9806,9.5613,1.141,1.759,False,True
99-59-2,2-methoxy-5-nitroaniline,168.2,1.471,0.3359,12.03,1.0162,10.3781,0.8297,6.7557,1.159,1.781,False,True
99-71-8,4-(butan-2-yl)phenol,150.2,3.083,0.0608,19.03,1.4153,26.0208,1.2369,17.2552,1.367,1.103,True,True
99-76-3,Methylparaben,152.1,1.958,0.07056,107.5,1.6544,45.1187,0.8323,6.7952,2.383,15.818,False,True
99-99-0,4-nitrotoluene,137.1,2.371,0.0679,19.32,1.2057,16.059,0.9806,9.5613,1.203,2.021,False,True
33286-22-5,Diltiazem hydrochloride,451.0,1.746,0.22,23.48,1.4925,31.0783,0.7478,5.5942,1.324,4.197,False,True
50-02-2,Dexamethasone,392.5,1.92,0.32,1.791,1.4674,29.3333,1.1188,13.1464,16.37,7.337,False,True
15307-86-5,Diclofenac,296.2,4.52,0.005,65.42,0.8035,6.3594,1.0624,11.5434,10.286,5.667,False,True
15687-27-1,Ibuprofen,206.3,3.735,0.01,10.12,1.5372,34.4462,-1.979,0.0095,3.404,964.356,False,True
64-77-7,Tolbutamide,270.4,2.339,0.04,1.324,1.5988,39.7039,0.3438,2.2062,29.966,1.666,False,True
22204-53-1,Naproxen,230.3,3.18,0.002,26.48,1.333,21.5253,1.6401,43.6615,1.23,1.649,False,True
29122-68-7,Atenolol,266.3,0.1596,0.94,1.986,1.4166,26.0954,1.185,15.3104,13.134,7.706,False,True
15307-79-6,Diclofenac sodium,318.1,0.7004,0.004131,38.84,1.1264,13.3765,1.5945,39.3052,2.903,1.012,True,True
88-24-4,"2,2'-methylenebis(ethyl-6-tert-butylphenol)",368.6,7.47,0.00513,0.0,1.539,34.5936,0.7351,5.4331,,,False,True
36505-84-7,Buspirone,385.5,2.629,0.05,7.66,0.3371,2.1722,0.623,4.1962,3.525,1.825,False,True
51384-51-1,Metoprolol,267.4,1.881,0.883,6.231,1.3334,21.5455,1.8824,76.2699,3.457,12.239,False,True
6846-50-0,"2,2,4-trimethyl-1,3-pentanediol diisobutyrate",286.4,4.777,1e-06,9.95,1.7575,57.2148,1.8737,74.7687,5.75,7.514,False,True
62-44-2,Phenacetin,179.2,1.58,0.6,9.346,1.3157,20.6865,0.9527,8.9678,2.213,1.042,True,True
54-31-9,Furosemide,330.7,2.029,0.012,0.0,1.2094,16.194,0.7038,5.0547,,,False,True
2416-94-6,"2,3,6-trimethylphenol",136.2,2.671,0.0908,106.0,1.6528,44.9569,0.8478,7.0426,2.358,15.049,False,True
604-75-1,Oxazepam,286.7,2.239,0.04,3.271,0.4703,2.9523,0.3438,2.2062,1.108,1.482,False,True
15676-16-1,Sulpiride,341.4,0.5712,1.0,0.0,1.6444,44.095,1.387,24.3797,,,False,True
83-43-2,Methylprednisolone,374.5,1.721,0.23,5.452,1.4775,30.0252,0.6997,5.0079,5.506,1.089,False,True
50-24-8,Prednisolone,360.4,1.62,0.25,5.841,1.4879,30.7526,0.438,2.7407,5.264,2.131,False,True
97322-87-7,Troglitazone,441.5,4.36,0.000941,21.85,1.6081,40.5587,1.436,27.2902,1.856,1.249,False,True
59865-13-3,Cyclosporin a,1203.0,2.92,1e-06,8.591,1.5786,37.8943,1.3104,20.4339,4.411,2.378,False,True
95-74-9,3-chloro-4-methylaniline,141.6,1.926,0.145,65.3,1.0737,11.8497,0.8295,6.7526,5.51,9.669,False,True
76824-35-6,Famotidine,337.4,-0.6389,0.84,0.0,1.1287,13.4483,0.3723,2.3557,,,False,True
73590-58-6,Omeprazole,345.4,2.231,0.16,3.271,0.3785,2.3894,0.9094,8.1165,1.369,2.481,False,True
2078-54-8,Propofol,178.3,3.791,0.016,107.0,1.4269,26.7223,-1.3986,0.0389,4.004,2679.104,False,True
111406-87-2,Zileuton,236.3,0.1828,0.07,2.298,1.3377,21.762,0.7378,5.4662,9.466,2.378,False,True
76-57-3,Codeine,299.4,1.14,1.0,24.53,1.3812,24.0564,1.8673,73.6764,1.02,3.003,False,True
66357-35-5,Ranitidine,314.4,0.2691,0.95,1.324,1.5562,35.991,1.1627,14.5422,27.164,10.976,False,True
58-15-1,Aminopyrine,231.3,0.9955,1.0,4.1,0.9233,8.3798,1.1066,12.7824,2.044,3.117,False,True
65277-42-1,Ketoconazole,531.4,4.348,0.062,55.0,0.554,3.58,1.0758,11.9067,15.359,4.619,False,True
321-64-2,Tacrine,198.3,2.707,1.0,1000.0,0.3984,2.5019,-1.9876,0.0093,399.54,97175.934,False,True
20830-75-5,Digoxin,780.9,1.263,0.7,0.0,1.4461,27.931,1.1749,14.9569,,,False,True
59-05-2,Methotrexate,454.4,-1.847,0.432,0.0,-0.67,0.2128,0.492,3.1039,,,False,True
54-11-5,Nicotine,162.2,1.171,0.406,4.44,0.2646,1.838,0.8255,6.6903,2.415,1.507,False,True
60-54-8,Tetracycline,444.4,-1.295,0.468,0.0,1.6305,42.7041,0.492,3.1039,,,False,True
99-66-1,Valproic acid,144.2,2.748,0.214,0.4366,1.5674,36.9287,1.023,10.5434,84.391,24.096,False,True
55-98-1,Busulphan,246.3,-0.5186,1.0,1.39,2.1462,140.0177,0.226,1.6817,100.66,1.21,False,True
305-03-3,Chlorambucil,304.2,1.707,0.01,44.0,1.5596,36.2739,0.7272,5.3353,1.213,8.246,False,True
56-75-7,Chloramphenicol,323.1,1.139,0.34,0.723,1.3758,23.7587,1.4909,30.9651,32.817,42.771,False,True
85721-33-1,Ciprofloxacin,331.3,0.2801,0.7,4.17,0.8927,7.8104,1.1627,14.5422,1.873,3.487,False,True
64-86-8,Colchicine,399.4,1.3,0.61,0.698,1.5312,33.9804,1.1575,14.3708,48.614,20.56,False,True
80-08-0,Dapsone,248.3,0.9717,0.295,0.0,1.1611,14.4899,0.8754,7.5051,,,False,True
69655-05-6,Didanosine,236.2,-1.238,0.951,0.0,-1.8582,0.0129,0.3449,2.2117,,,False,True
89-25-8,Edaravone,174.2,1.783,0.89,2.0,0.6261,4.227,1.0927,12.3783,2.113,6.187,False,True
50-28-2,Estradiol,272.4,3.909,4.95e-06,56.9,1.453,28.3798,1.7227,52.8077,2.005,1.077,False,True
98319-26-7,Finasteride,372.6,3.03,0.095,4.5,1.4421,27.6727,1.1473,14.0352,6.148,3.118,False,True
2321-07-5,Fluorescein,332.3,2.531,0.151,0.0,0.7768,5.9805,0.917,8.26,,,False,True
29094-61-9,Glipizide,445.5,1.91,0.02,1.597,0.7753,5.9601,0.4702,2.9513,3.73,1.848,False,True
10238-21-8,Glyburide,494.0,1.786,0.021,6.62,1.5278,33.7149,0.381,2.4035,5.092,2.754,False,True
53-86-1,Indomethacin,357.8,4.267,0.0103,9.35,1.2657,18.4347,0.8664,7.3515,1.972,1.272,False,True
54-85-3,Isoniazide,137.1,-0.6985,1.0,1.11,-0.2099,0.6158,-0.2337,0.5829,1.801,1.903,False,True
797-63-7,Levonorgestrel,312.5,3.067,0.0369,9.89,1.5136,32.6256,0.9116,8.1571,3.299,1.212,False,True
73-31-4,Melatonin,232.3,0.6118,0.498,0.0,0.8626,7.2862,0.7678,5.8571,,,False,True
84852-15-3,"4-nonylphenol, branched",220.2,5.034,1e-06,104.0,1.4578,28.6947,-0.902,0.1243,3.624,829.97,False,True
84371-65-3,Mifepristone,429.6,4.814,0.0167,33.2,1.5907,38.9642,0.7461,5.5716,1.174,5.958,False,True
67-20-9,Nitrofurantoin,238.2,-0.4691,0.415,0.0,0.3524,2.2504,0.1904,1.5492,,,False,True
57-47-6,Physostigmine,275.4,1.58,0.64,1.64,1.3182,20.804,1.8833,76.4271,12.678,46.574,False,True
117-39-5,Quercetin,302.2,1.24,0.0176,75.2,1.1724,14.8724,1.4302,26.925,5.056,2.793,False,True
13080-86-9,"4,4'-(isopropylidenebis(4,1-phenyleneoxy))dianiline",410.5,6.357,1e-06,0.0,1.0067,10.1535,1.1912,15.5286,,,False,True
134308-13-7,Tolcapone,273.2,2.798,0.0133,22.0,1.398,25.0049,0.7204,5.2522,1.137,4.188,False,True
76-25-5,Triamcinolone acetonide,434.5,2.531,0.2,9.0,1.4911,30.9772,1.0158,10.3698,3.442,1.152,False,True
396-01-0,Triamterene,253.3,0.9803,0.333,0.0,-2.8568,0.0004,0.8259,6.6968,,,False,True
70-30-4,Hexachlorophene,406.9,7.538,1e-06,0.0,1.2235,16.7284,1.1912,15.5286,,,False,True
125-84-8,Aminoglutethimide,232.3,-1.471,0.563,0.723,1.1215,13.2275,0.3031,2.0084,18.271,2.775,False,True
54-62-6,Aminopterin,440.4,-0.05046,0.75,0.0,-0.9133,0.1211,0.391,2.4592,,,False,True
66-81-9,Cycloheximide,281.4,0.5478,0.629,1.74,1.5037,31.8912,1.2876,19.3889,18.318,11.137,False,True
84-66-2,Diethylphthalate,222.2,2.444,0.19,42.5,1.6316,42.8187,-2.0486,0.0079,1.007,4753.338,False,True
39515-41-8,Fenpropathrin,349.4,5.698,0.00458,19.7,1.3425,22.0022,0.7351,5.4331,1.117,3.625,False,True
67614-33-9,Fenvalerate,419.9,6.2,0.005,0.766,1.3042,20.1433,0.7351,5.4331,26.264,7.085,False,True
77-06-5,Gibberellic_acid,346.4,0.2422,0.24,0.0,1.4698,29.4994,0.5085,3.224,,,False,True
389-08-2,Nalidixic_acid,232.2,1.59,0.749,1.1,0.5135,3.2612,1.5033,31.8628,2.963,28.941,False,True
57-24-9,Strychnine,334.4,1.929,0.457,2.0,1.2293,16.9536,1.172,14.8592,8.473,7.426,False,True
41372-20-7,Apomorphine hydrochloride hydrate,625.6,0.1058,0.0723,17.4,,,0.7821,6.0538,,2.874,False,False
25812-30-0,Gemfibrozil,250.3,4.431,0.03,52.18,1.6258,42.249,1.0081,10.1874,1.235,5.122,False,True
58-93-5,Hydrochlorothiazide,297.7,-0.07002,0.274,0.0,0.9233,8.3792,0.4564,2.8595,,,False,True
608-73-1,"1,2,3,4,5,6-hexachlorocyclohexane",290.8,3.719,0.0174,0.0,1.5787,37.9017,1.1715,14.8425,,,False,True
446-86-6,Azathioprine,277.3,0.101,0.32,0.0,-2.84,0.0004,0.4561,2.8571,,,False,True
486-66-8,Daidzein,254.2,3.243,0.0553,15.4,0.98,9.549,1.1413,13.8445,1.613,1.112,False,True
54965-24-1,Tamoxifen citrate,563.6,0.8373,0.0012,0.0,1.4886,30.8051,1.8172,65.6489,,,False,True
84-16-2,Meso-hexestrol,270.4,4.274,0.00772,0.0,1.4215,26.3908,0.9407,8.7219,,,False,True
59-50-7,4-chloro-3-methylphenol,142.6,3.091,0.0723,0.0,1.3755,23.7397,1.2369,17.2552,,,False,True
53-16-7,Estrone,270.4,3.132,0.0308,0.0,1.5457,35.1325,0.9465,8.8397,,,False,True
520-18-3,Kaempferol,286.2,2.158,0.02973,95.7,1.1499,14.12,-0.0,0.9989,6.777,95.711,False,True
17924-92-4,Zearalenone,318.4,3.745,0.004899,209.0,1.5449,35.0687,1.2179,16.5165,5.96,12.653,False,True
521-18-6,5alpha-dihydrotestosterone,290.4,3.551,0.0313,70.7,1.5253,33.5223,0.9394,8.6975,2.109,8.128,False,True
520-36-5,Apigenin,270.2,3.02,9.57e-05,138.0,1.0321,10.7666,1.8041,63.6889,12.816,2.167,False,True
512-56-1,Trimethyl phosphate,140.1,-0.6486,1.084,3.43,1.8793,75.7343,-0.2337,0.5829,22.074,5.876,False,True
500-38-9,Nordihydroguaiaretic acid,302.4,3.091,1e-06,270.0,1.4305,26.9459,2.17,147.8965,10.02,1.826,False,True
2467-02-9,"2,2'-bisphenol f",200.2,3.4,0.041,83.5,1.2999,19.947,-1.6976,0.0191,4.186,4162.319,False,True
5153-25-3,2-ethylhexylparaben,250.3,4.101,0.01318,128.0,1.5486,35.3675,0.9753,9.4468,3.619,13.548,False,True
105-60-2,Caprolactam,113.2,-1.193,0.761,0.0,1.5064,32.0947,-0.1142,0.7679,,,False,True
93-76-5,"2,4,5-trichlorophenoxyacetic acid",255.5,3.31,0.0127,0.0,1.1709,14.8202,0.9974,9.9386,,,False,True
842-07-9,C.i. solvent yellow 14,248.3,3.866,0.00277,0.0,0.3987,2.5037,1.3535,22.5678,,,False,True
131-56-6,"2,4-dihydroxybenzophenone",214.2,2.595,0.0113,39.3,1.3311,21.4345,-2.8263,0.0005,1.833,26347.913,False,True
184653-84-7,Carabersat,357.4,3.204,0.187,0.0,1.3848,24.2521,1.5887,38.7905,,,False,True
58-18-4,17-methyltestosterone,302.5,3.361,0.0329,12.7,1.5176,32.9308,0.9116,8.1571,2.593,1.557,False,True
80-09-1,"4,4'-sulfonyldiphenol",250.3,-0.1034,0.0576,0.0,1.4983,31.4964,0.6863,4.8555,,,False,True
115-96-8,Tris(2-chloroethyl) phosphate,285.5,1.441,0.44,0.0,1.8106,64.6465,1.8352,68.4256,,,False,True
94-18-8,Benzylparaben,228.2,3.556,0.00674,633.0,1.4409,27.5975,1.0477,11.1605,22.936,56.713,False,True
791-28-6,Triphenylphosphine oxide,278.3,2.835,0.101,0.0,0.8451,6.9997,0.8458,7.011,,,False,True
23513-14-6,(6)-gingerol,294.4,3.431,0.141,146.0,1.5607,36.3659,1.9282,84.7671,4.015,1.722,False,True
15619-48-4,1-benzylquinolinium chloride,255.8,0.4384,0.599,7.31,0.4473,2.8001,0.7955,6.2441,2.61,1.171,False,True
2687-96-9,1-dodecyl-2-pyrrolidinone,253.4,4.203,0.0125,19.1,1.6325,42.9078,0.928,8.4719,2.246,2.254,False,True
90-15-3,1-naphthol,144.2,2.85,0.0682,0.0,0.961,9.141,0.9732,9.4001,,,False,True
83-41-0,"1,2-dimethyl-3-nitrobenzene",151.2,2.83,1e-06,523.0,1.4028,25.2799,1.9967,99.2313,20.688,5.27,False,True
95-14-7,"1,2,3-benzotriazole",119.1,1.439,0.287,0.0,-3.627,0.0,0.7663,5.8381,,,False,True
14233-37-5,"1,4-bis(n-isopropylamino)anthraquinone",322.4,3.459,0.00728,0.0,1.011,10.2557,1.0354,10.8489,,,False,True
57-91-0,17alpha-estradiol,272.4,3.909,3.98e-05,55.6,1.453,28.3798,1.7227,52.8077,1.959,1.053,False,True
10161-33-8,17beta-trenbolone,270.4,2.948,0.0999,37.4,1.5684,37.0131,1.2801,19.0593,1.01,1.962,False,True
15086-94-9,"2',4',5',7'-tetrabromofluorescein",647.9,5.861,0.003,0.0,1.0086,10.1983,0.7322,5.3964,,,False,True
2467-03-0,2-(4-hydroxybenzyl)phenol,200.2,3.15,0.0426,56.8,1.3605,22.9352,-1.7457,0.017,2.476,3162.832,False,True
21564-17-0,2-(thiocyanomethylthio)benzothiazole,238.3,3.299,0.331,0.0,0.8568,7.1908,1.3091,20.3734,,,False,True
5809-23-4,2-[4-(diethylamino)-2-hydroxybenzoyl]benzoic acid,313.4,3.279,0.00517,2.0,1.4314,27.0037,1.3329,21.5234,13.496,10.757,False,True
97-56-3,2-amino-5-azotoluene,225.3,3.783,0.00696,6.89,0.2187,1.6538,0.7427,5.5283,4.164,1.246,False,True
117-79-3,2-aminoanthraquinone,223.2,3.307,0.0305,30.8,1.0326,10.7779,-1.873,0.0124,2.858,2298.903,False,True
92-04-6,2-chloro-4-phenylphenol,204.6,4.165,1e-06,0.0,0.9436,8.7809,-0.738,0.1818,,,False,True
587-65-5,2-chloro-n-phenylacetamide,169.6,1.63,0.401,38.9,1.1642,14.594,0.9356,8.6212,2.665,4.512,False,True
4940-11-8,2-ethyl-3-hydroxy-4h-pyran-4-one,140.1,0.6281,0.606,81.0,1.336,21.6752,0.2649,1.8396,3.737,44.009,False,True
131-57-7,2-hydroxy-4-methoxybenzophenone,228.2,3.785,0.00952,15.7,1.3575,22.7737,1.0085,10.1964,1.451,1.54,False,True
583-39-1,2-mercaptobenzimidazole,150.2,1.66,0.4,0.0,-0.7528,0.1757,0.8665,7.3519,,,False,True
149-30-4,2-mercaptobenzothiazole,167.2,2.418,0.0215,37.3,0.4927,3.1087,0.5544,3.5831,11.995,10.407,False,True
2785-87-7,2-methoxy-4-propylphenol,166.2,2.648,0.0707,24.6,1.5043,31.9354,0.8421,6.9505,1.298,3.539,False,True
90-05-1,2-methoxyphenol,124.1,1.32,0.569,44.9,1.3325,21.5009,0.8475,7.0372,2.088,6.38,False,True
95-53-4,2-methylaniline,107.2,1.322,0.713,0.0,1.0882,12.2498,0.8443,6.9862,,,False,True
96-70-8,2-tert-butyl-4-ethylphenol,178.3,3.812,0.0454,102.0,1.501,31.6921,-1.2772,0.0518,3.218,1931.282,False,True
2409-55-4,2-tert-butyl-4-methylphenol,164.2,3.433,0.0272,20.9,1.5158,32.7916,-2.0391,0.0081,1.569,2287.004,False,True
88-60-8,2-tert-butyl-5-methylphenol,164.2,3.343,0.0264,36.0,1.4943,31.2123,-2.0391,0.0081,1.153,3939.258,False,True
88-18-6,2-tert-butylphenol,150.2,3.31,0.000115,59.7,1.3465,22.2048,1.6222,41.8945,2.689,1.425,False,True
119-47-1,"2,2'-methylenebis(4-methyl-6-tert-butylphenol)",340.5,6.251,1e-06,22.4,1.5551,35.8982,1.1912,15.5286,1.603,1.442,False,True
62-73-7,Dichlorvos,221.0,1.429,1e-06,86.4,2.0048,101.0999,1.9122,81.6857,1.17,1.058,True,True
131-55-5,"2,2',4,4'-tetrahydroxybenzophenone",246.2,2.598,0.0354,19.2,1.4744,29.8129,0.237,1.7248,1.553,11.126,False,True
84-69-5,Diisobutyl phthalate,278.3,4.112,0.000435,345.0,1.5711,37.245,1.5933,39.2026,9.263,8.8,False,True
131-18-0,Dipentyl phthalate,306.4,5.616,0.0986,301.0,1.5993,39.7496,1.4376,27.3895,7.572,10.989,False,True
1563-38-8,"2,3-dihydro-2,2-dimethyl-7-benzofuranol",164.2,2.083,0.364,0.0,1.2805,19.0771,1.0762,11.918,,,False,True
1143-72-2,"2,3,4-trihydroxbenzophenone",230.2,2.833,0.0185,94.1,1.353,22.5416,0.5074,3.2154,4.174,29.257,False,True
136-45-8,"Dipropyl 2,5-pyridinedicarboxylate",251.3,3.565,0.865,592.0,1.0226,10.5339,1.2541,17.9517,56.194,32.976,False,True
96-76-4,"2,4-di-tert-butylphenol",206.3,5.186,0.144,2.52,1.4735,29.7472,-1.6837,0.0197,11.8,121.692,False,True
1470-79-7,"2,4,4'-trihydroxybenzophenone",230.2,2.707,0.0196,21.1,1.4575,28.6741,0.4918,3.1018,1.359,6.801,False,True
527-60-6,"2,4,6-trimethylphenol",136.2,2.729,0.109,163.0,1.5791,37.9365,0.8478,7.0426,4.297,23.142,False,True
79-74-3,"2,5-bis(2-methylbutan-2-yl)benzene-1,4-diol",250.4,4.911,0.0166,11.4,1.4733,29.7387,0.6539,4.5064,2.609,2.529,False,True
88-58-4,"2,5-di-tert-butylbenzene-1,4-diol",222.3,4.59,1e-06,117.0,1.5223,33.29,-0.7136,0.1924,3.514,605.104,False,True
3855-32-1,"2,6,10-trimethyl-2,6,10-triazaundecane",201.4,0.2133,0.0383,0.0,1.9624,91.7084,-0.194,0.6388,,,False,True
77756-20-8,Enterolactone,298.3,2.811,0.0121,139.0,,,0.7207,5.255,,26.446,False,False
99-07-0,3-dimethylaminophenol,137.2,1.561,0.242,0.0,1.4577,28.6874,0.4487,2.8091,,,False,True
55406-53-6,3-iodo-2-propynyl-n-butylcarbamate,281.1,2.091,0.719,486.0,1.8309,67.7443,0.7468,5.5806,7.174,87.073,False,True
618-45-1,3-isopropylphenol,136.2,3.015,0.14,19.9,1.3831,24.1604,1.3198,20.8833,1.214,1.049,False,True
108-44-1,3-methylaniline,107.2,1.4,0.549,32.9,1.07,11.7488,0.8475,7.0372,2.8,4.675,False,True
585-34-2,3-tert-butylphenol,150.2,3.301,0.116,40.2,1.3935,24.7459,0.9699,9.3299,1.624,4.308,False,True
20325-40-0,"3,3'-dimethoxybenzidine dihydrochloride",317.2,-0.2588,0.201,0.0,0.8915,7.7879,0.4564,2.8595,,,False,True
612-82-8,"3,3'-dimethylbenzidine dihydrochloride",285.2,-0.9007,0.115,25.4,0.9448,8.8054,0.7232,5.2863,2.884,4.804,False,True
79-94-7,"3,3',5,5'-tetrabromobisphenol a",543.9,6.663,0.00107,50.5,1.4353,27.2438,1.0751,11.8867,1.854,4.248,False,True
99-54-7,"3,4-dichloronitrobenzene",192.0,3.119,1e-06,387.0,0.8857,7.685,-1.0737,0.0834,50.352,4585.28,False,True
626-43-7,"3,5-dichloroaniline",162.0,2.899,0.0522,86.1,0.7351,5.4322,0.8555,7.1695,15.847,12.008,False,True
1154-59-2,"3,5-dichlorosalicyl-3,4-dichloroanullide",351.0,5.109,1e-06,0.0,0.978,9.5051,1.1912,15.5286,,,False,True
6893-02-3,"3,5,3'-triiodothyronine",651.0,3.769,3.46e-05,0.0,1.4259,26.6584,1.535,34.2776,,,False,True
10081-67-1,4-(2-phenylpropan-2-yl)-n-[4-(2-phenylpropan-2-yl)phenyl]aniline,405.6,9.246,1e-06,0.0,0.9158,8.2367,1.1912,15.5286,,,False,True
18979-55-0,4-(hexyloxy)phenol,194.3,3.355,0.00077,83.6,1.4328,27.0872,-1.1405,0.0714,3.086,1155.349,False,True
150-13-0,4-aminobenzoic acid,137.1,0.8241,0.766,0.0,1.2181,16.5218,0.6692,4.6682,,,False,True
122-37-2,4-anilinophenol,185.2,2.822,0.0582,75.1,0.6147,4.1171,-2.0608,0.0077,18.237,8639.015,False,True
104-13-2,4-butylaniline,149.2,3.048,0.0599,26.4,1.2062,16.0749,1.2369,17.2552,1.642,1.53,False,True
4344-55-2,4-butyloxyaniline,165.2,1.459,0.165,28.4,1.1733,14.9027,0.5825,3.8231,1.906,7.427,False,True
1638-22-8,4-butylphenol,150.2,3.647,0.0358,127.0,1.4482,28.064,-1.6686,0.0204,4.525,5921.76,False,True
95-83-0,"4-chloro-1,2-diaminobenzene",142.6,1.277,0.373,31.6,0.627,4.2359,0.8192,6.594,7.459,4.792,False,True
106-47-8,4-chloroanulline,127.6,1.832,0.264,0.0,0.8672,7.3648,0.8873,7.7139,,,False,True
599-64-4,4-cumylphenol,212.3,3.691,0.0231,27.2,1.2297,16.9689,-2.1666,0.0058,1.603,3992.336,False,True
156-43-4,4-ethoxyaniline,137.2,1.238,0.485,13.8,1.1074,12.8034,0.8192,6.594,1.078,2.093,False,True
1987-50-4,4-heptylphenol,192.3,4.028,0.00365,42.5,1.4713,29.6001,-1.3302,0.0458,1.436,909.087,False,True
33228-45-4,4-hexylanilline,177.3,4.207,0.00695,440.0,1.2595,18.1769,-1.3259,0.0462,24.205,9318.855,False,True
39905-57-2,4-hexyloxyanilline,193.3,3.635,0.0252,79.3,1.2282,16.9119,-1.8951,0.0117,4.689,6227.918,False,True
121-33-5,4-hydroxy-3-methoxybenzaldehyde,152.1,1.193,0.322,234.0,1.4747,29.834,0.4455,2.788,7.843,83.901,False,True
68392-35-8,4-hydroxytamoxifen,387.5,5.454,0.0153,16.0,1.4568,28.6276,0.5834,3.8311,1.789,4.175,False,True
134-84-9,4-methylbenzophenone,196.2,3.306,0.0188,118.0,1.3276,21.2596,-1.8268,0.0139,5.55,7919.449,False,True
100-02-7,4-nitrophenol,139.1,1.912,0.141,14.0,1.168,14.7212,0.7577,5.7235,1.052,2.446,False,True
156-10-5,4-nitrosodiphenylamine,198.2,3.043,0.123,839.0,0.3128,2.0541,-2.1099,0.0068,408.253,108047.475,False,True
79794-75-5,Loratadine,382.9,5.197,0.00968,33.9,0.9695,9.3218,0.5834,3.8311,3.636,8.847,False,True
33228-44-3,4-pentylaniline,163.3,3.39,0.0234,18.2,1.2342,17.1474,-2.0391,0.0081,1.061,1991.568,False,True
2696-84-6,4-propylanilline,135.2,2.4,0.136,17.3,1.1742,14.935,0.8453,7.0026,1.158,2.47,False,True
769-92-6,4-tert-butylaniline,149.2,2.7,0.155,10.7,1.169,14.7578,0.9819,9.5917,1.379,1.116,False,True
3236-71-3,"4,4'-(9h-fluorene-9,9-diyl)diphenol",350.4,3.674,1e-06,22.4,0.7641,5.8084,1.6229,41.9647,3.856,1.873,False,True
16752-77-5,Methomyl,162.2,0.6005,0.716,2.05,2.2782,189.7457,0.5221,3.3267,92.514,1.622,False,True
13680-35-8,"4,4'-methylenebis(2,6-diethylaniline)",310.5,5.139,0.00874,8.2,1.4752,29.8653,0.6674,4.6485,3.642,1.764,False,True
101-77-9,"4,4'-methylenedianiline",198.3,1.589,0.261,3.37,1.0647,11.6044,0.7024,5.039,3.443,1.495,False,True
27955-94-8,"4,4',4''-ethane-1,1,1-triyltriphenol",306.4,3.301,0.0141,30.8,1.2814,19.1152,1.1842,15.2811,1.611,2.015,False,True
2835-95-2,5-amino-2-methylphenol,123.2,0.7676,0.604,16.0,1.209,16.18,0.6724,4.7022,1.011,3.402,False,True
105624-86-0,5hpp-33,323.4,4.28,0.0415,47.0,,,1.1987,15.8012,,2.974,False,False
154-42-7,6-thioguanine,167.2,-0.06896,0.804,0.0,-3.5245,0.0,-0.2487,0.563,,,False,True
98-86-2,Acetophenone,120.2,1.582,0.326,0.0,1.4512,28.2621,0.8336,6.8166,,,False,True
77-90-7,Acetyl tributyl citrate,402.5,4.366,0.00942,261.0,1.9171,82.6205,0.7915,6.1863,3.159,42.184,False,True
135158-54-2,Acibenzolar-s-methyl,210.3,3.098,0.0232,863.0,-0.9055,0.1233,-2.2147,0.0051,6943.136,141491.374,False,True
25316-40-9,Adriamycin hydrochloride,580.0,1.473,0.157,0.0,1.4359,27.2819,0.8048,6.378,,,False,True
1646-88-4,Aldoxycarb,222.3,-0.5679,0.948,0.0,1.7915,61.8714,-0.4359,0.3655,,,False,True
25956-17-6,Allura red c.i.16035,496.4,2.328,0.0137,0.0,1.1238,13.2969,0.4597,2.881,,,False,True
19774-82-4,Amiodarone hydrochloride,681.8,2.244,1e-06,4.537,1.3326,21.5072,1.2384,17.3121,4.74,3.815,False,True
90-30-2,N-phenyl-1-naphthylamine,219.3,4.201,0.006962,57.9,0.4072,2.5527,-1.7612,0.0163,22.673,3341.154,False,True
3337-71-1,Asulam,230.2,-0.2672,0.456,0.0,1.5586,36.1907,0.1809,1.5159,,,False,True
2465-27-2,Auramine hydrochloride,303.8,0.5336,0.107,8.66,1.2354,17.1924,0.7889,6.1499,1.985,1.408,False,True
35575-96-3,Azamethiphos,324.7,1.05,0.553,429.0,0.333,2.1516,1.6879,48.7361,199.294,8.802,False,True
59-67-6,Nicotinic acid,123.1,0.358,0.594,3.54,-0.1448,0.7155,0.4142,2.5944,4.942,1.364,False,True
2390-60-5,Basic blue 7,514.2,2.876,1e-06,3.21,0.9901,9.7745,1.3347,21.6089,3.044,6.73,False,True
94-09-7,Benzocaine,165.2,1.86,0.338,132.0,1.3674,23.2999,1.1073,12.8013,5.665,10.311,False,True
118-58-1,Benzyl salicylate,228.2,3.106,1e-06,841.0,1.3801,23.9939,2.1431,139.015,35.049,6.05,False,True
253450-09-8,Besonprodil,402.5,4.239,0.0385,5.31,1.0833,12.1128,1.1966,15.7236,2.281,2.961,False,True
90357-06-5,Bicalutamide,430.4,3.477,0.0323,0.0,1.3508,22.4296,0.7426,5.5272,,,False,True
491-80-5,Biochanin a,284.3,3.138,0.0203,230.0,1.0943,12.4227,0.9775,9.4946,18.513,24.222,False,True
33171-05-0,Bisdemethoxycurcumin,308.3,3.242,1e-06,112.0,1.5432,34.9276,1.7919,61.9293,3.207,1.808,False,True
1478-61-1,Bisphenol af,336.2,4.017,0.00685,125.0,1.4629,29.0303,0.9606,9.132,4.306,13.687,False,True
125401-92-5,Bispyribac-sodium,452.4,-1.027,0.0106,0.0,,,1.1877,15.4047,,,False,False
62625-32-5,Bromocresol green sodium salt,720.0,1.581,0.00511,0.0,1.3253,21.1493,0.8361,6.8548,,,False,True
22260-51-1,Bromocriptine mesylate,750.7,0.6293,0.00955,178.0,1.2492,17.7483,1.3669,23.2723,10.029,7.648,False,True
569-61-9,C.i. basic red 9 monohydrochloride,323.8,-0.8487,0.235,3.23,0.9223,8.3598,0.4715,2.9601,2.588,1.091,False,True
13301-61-6,C.i. disperse orange 37,392.2,3.178,0.00145,0.0,0.4796,3.0164,1.5068,32.1232,,,False,True
3118-97-6,C.i. solvent orange 7,276.3,4.442,1e-06,0.0,0.7045,5.063,1.9954,98.9346,,,False,True
509-34-2,C.i. solvent red 49,442.6,6.086,0.0456,13.9,0.8872,7.7119,0.7815,6.0453,1.802,2.299,False,True
17696-62-7,Phenylparaben,214.2,3.288,0.045,865.0,1.3561,22.7037,-1.9591,0.01,38.098,78719.353,False,True
63449-41-2,C8-18-alkydimethylbenzyl ammonium chlorides,276.3,3.16,0.0104,63.1,1.295,19.7219,1.1441,13.9352,3.199,4.528,False,True
112529-15-4,Pioglitazone hydrochloride,392.9,-0.2365,0.0106,8.92,1.0849,12.1581,1.1727,14.8814,1.363,1.668,False,True
159138-81-5,Cariporide mesylate,379.4,0.5727,0.451,0.0,1.8246,66.771,1.0127,10.2955,,,False,True
1260-17-9,Carminic acid,492.4,0.573,1e-06,88.8,1.5384,34.5483,1.9551,90.1862,2.57,1.016,False,True
120-80-9,Catechol,110.1,0.8794,0.0268,42.3,1.2695,18.5984,0.1261,1.3358,2.274,31.644,False,True
56-95-1,Chlorhexidine diacetate,625.6,1.33,0.00236,0.0,1.1736,14.9118,0.8883,7.7318,,,False,True
3691-35-8,Chlorophacinone,374.8,4.064,1e-06,0.0,1.3425,22.0023,1.4742,29.7947,,,False,True
1897-45-6,Chlorothalonil,265.9,2.976,0.378,0.0,0.87,7.4125,1.6308,42.734,,,False,True
569-57-3,Chlorotrianisene,380.9,5.725,1e-06,0.0,1.4669,29.3026,1.1912,15.5286,,,False,True
69-09-0,Chlorpromazine hydrochloride,355.3,1.32,0.0235,0.0,0.9809,9.5683,1.2563,18.0408,,,False,True
480-40-0,Chrysin,254.2,3.519,0.00263,204.0,0.9022,7.9834,1.3853,24.2836,25.55,8.4,False,True
249296-43-3,Cj-013610,489.6,0.4695,0.0645,0.0,,,0.7595,5.7463,,,False,False
637-07-0,Clofibrate,242.7,3.456,1e-06,868.0,1.5161,32.8128,2.1062,127.6926,26.452,6.798,False,True
17321-77-6,Clomipramine hydrochloride,351.3,1.822,0.041,0.0,1.0813,12.0589,0.3447,2.2108,,,False,True
180084-01-9,Sb236057a,571.1,4.528,0.015,4.65,,,0.7996,6.3026,,1.355,False,False
57754-85-5,Clopyralid-olamine,253.1,1.453,0.464,0.0,0.4771,2.9991,1.4577,28.6861,,,False,True
23593-75-1,Clotrimazole,344.8,4.8,0.00953,77.1,-0.3791,0.4168,0.7518,5.6464,184.562,13.652,False,True
50-22-6,Corticosterone,346.5,1.942,0.137,12.1,1.5542,35.825,0.7853,6.0987,2.961,1.984,False,True
230954-09-3,Cp-544439,410.4,2.383,0.145,2.27,,,0.9035,8.0065,,3.526,False,False
290352-28-2,Cp-634384,341.4,3.337,0.0126,0.0,,,0.9544,9.0023,,,False,False
445295-04-5,Cp-671305,454.4,3.118,0.0414,0.0,,,1.0602,11.4861,,,False,False
458-37-7,Curcumin,368.4,2.597,1e-06,297.0,1.5075,32.1754,1.3241,21.0916,9.23,14.081,False,True
120116-88-3,Cyazofamid,324.8,0.848,0.051,10.0,0.4142,2.5942,0.989,9.7493,3.854,1.026,False,True
4449-51-8,Cyclopamine,411.6,5.248,0.0741,29.4,1.5229,33.3336,1.0029,10.0655,1.134,2.921,False,True
6055-19-2,Cyclophosphamide monohydrate,279.1,1.304,0.772,0.0,1.4441,27.8023,1.898,79.0634,,,False,True
68359-37-5,Cyfluthrin,434.3,5.952,1e-06,23.8,1.4717,29.6299,1.1912,15.5286,1.245,1.533,False,True
57966-95-7,Cymoxanil,198.2,0.5879,0.437,32.8,1.8192,65.9468,0.0805,1.2026,2.011,27.253,False,True
427-51-0,Cyproterone acetate,416.9,3.409,0.0584,4.46,1.7318,53.9297,1.205,16.0327,12.089,3.594,False,True
69-74-9,Cytarabine hydrochloride,279.7,-2.084,0.96,16.8,-0.0054,0.9866,0.5176,3.292,17.012,5.102,False,True
1596-84-5,Daminozide,160.2,-1.495,0.939,2.29,1.9258,84.2954,-0.1308,0.739,36.795,3.096,False,True
139340-56-0,Darbufelone mesylate,428.6,0.5448,0.00678,0.0,1.5806,38.0713,1.132,13.5509,,,False,True
6190-65-4,Deethylatrazine,187.6,1.511,0.486,0.0,-3.3416,0.0,0.6557,4.5253,,,False,True
90823-38-4,Denatonium saccharide,507.6,0.8279,0.488,0.0,1.2313,17.033,1.2878,19.3977,,,False,True
2392-39-4,Dexamethasone sodium phosphate,516.4,0.9792,0.0956,9.63,1.5035,31.8778,0.9278,8.468,3.31,1.137,False,True
109-43-3,Dibutyl decanedioate,314.5,5.972,1e-06,134.0,1.7648,58.1761,1.2751,18.8409,2.303,7.112,False,True
97-23-4,Dichlorophen,269.1,4.258,0.0045,13.2,1.2941,19.683,1.3286,21.3109,1.491,1.614,False,True
52-68-6,Trichlorfon,257.4,0.5114,0.696,31.7,1.7235,52.9079,1.3505,22.4137,1.669,1.414,True,True
35367-38-5,Diflubenzuron,310.7,3.877,0.0308,0.0,1.2464,17.6334,0.763,5.7927,,,False,True
141517-21-7,Trifloxystrobin,408.4,3.474,0.0072,466.0,1.691,49.0847,0.9373,8.6547,9.494,53.838,False,True
2451-62-9,Triglycidyl isocyanurate,297.3,-0.2031,0.402,180.0,1.0448,11.0856,0.3715,2.3516,16.236,76.511,False,True
957-51-7,Diphenamid,239.3,2.808,0.301,0.0,1.5024,31.7985,0.8348,6.8349,,,False,True
126-00-1,Diphenolic acid,286.3,3.455,0.163,0.0,1.4241,26.554,1.7217,52.6801,,,False,True
104-66-5,"1,2-diphenoxyethane",214.3,3.809,1e-06,18.51,1.1377,13.7303,-0.9386,0.1142,1.348,160.703,False,True
97-77-8,Disulfiram,296.5,3.877,0.08601,28.46,2.6518,448.5725,1.2569,18.065,15.761,1.575,False,True
6533-00-2,Dl-norgestrel,312.5,3.067,0.0392,11.0,1.5136,32.6256,1.3613,22.9771,2.966,2.089,False,True
24169-02-6,Econazole nitrate,444.7,1.082,0.00553,6.02,0.4646,2.9137,1.6871,48.6519,2.066,8.081,False,True
361343-19-3,Elzasonan,448.4,4.692,0.0329,21.1,,,1.082,12.0769,,1.747,False,False
124378-77-4,Enadoline,396.5,2.894,0.263,3.36,1.4215,26.3909,1.1702,14.7964,7.852,4.403,False,True
145-73-3,Endothal,186.2,1.907,0.867,0.0,1.6577,45.4612,1.0988,12.5521,,,False,True
124-07-2,Octanoic acid,144.2,3.049,1e-06,5.626,1.6222,41.8965,2.0058,101.3506,7.446,18.012,False,True
17372-87-1,Eosin,691.9,4.486,0.0524,0.0,1.1209,13.2094,0.9451,8.811,,,False,True
133855-98-8,Epoxiconazole,329.8,3.072,0.0575,0.0,-0.6905,0.203,1.3822,24.1111,,,False,True
474-86-2,Equilin,268.4,3.531,0.0583,9.74,1.548,35.3185,1.5003,31.6417,3.626,3.248,False,True
52479-85-3,Exifone,278.2,1.158,1e-06,28.1,1.4907,30.9539,2.8628,729.085,1.102,25.945,False,True
129299-90-7,Fabesetron hydrochloride,329.8,0.4345,0.0309,7.56,0.3641,2.3118,0.8801,7.5865,3.269,1.004,False,True
2610-11-9,C.i. direct red 81 disodium salt,675.6,2.851,4.049e-05,1.492,0.6938,4.94,1.2664,18.4672,3.309,12.37,False,True
2353-45-9,Fd&c green no. 3,808.8,4.633,0.0151,0.0,1.4363,27.3089,0.7461,5.5716,,,False,True
2783-94-0,Fd&c yellow 6,452.4,1.779,1e-06,18.9,1.0194,10.4562,1.4377,27.3989,1.807,1.45,False,True
49562-28-9,Fenofibrate,360.8,4.943,0.00815,563.0,1.4875,30.7259,0.5085,3.2238,18.323,174.584,False,True
113776-20-8,Fenoxaprop-(2s)-ethyl,361.8,4.579,0.00537,723.0,,,0.9006,7.9532,,90.895,False,False
71283-80-2,Fenoxaprop-p-ethyl,361.8,4.579,0.00635,519.0,0.4999,3.1605,0.6688,4.6632,164.164,111.274,False,True
111812-58-9,"Fenpyroximate (z,e)",421.5,5.008,0.0046,16.8,0.9707,9.3458,0.7322,5.3964,1.798,3.113,False,True
101-42-8,Fenuron,164.2,0.9813,0.564,2.89,1.322,20.9907,0.6435,4.3995,7.261,1.522,False,True
69806-50-4,Fluazifop-butyl,383.4,4.5,0.00862,401.0,0.9471,8.8529,0.7304,5.3748,45.291,74.594,False,True
188489-07-8,Flufenpyr-ethyl,408.7,4.075,0.769,375.0,0.6369,4.3332,1.3635,23.0953,86.521,16.236,False,True
72178-02-0,Fomesafen,438.8,2.902,0.017,0.0,1.3828,24.1418,0.6017,3.9953,,,False,True
69806-40-2,Haloxyfop-methyl,375.7,4.07,0.00819,467.0,0.8762,7.5186,0.7915,6.1863,62.104,75.478,False,True
67485-29-4,Hydramethylnon,494.5,2.313,1e-06,4.38,0.7736,5.9362,1.2768,18.9144,1.355,4.318,False,True
52806-53-8,Hydroxyflutamide,292.2,2.7,0.166,0.0,1.2474,17.6736,1.2947,19.71,,,False,True
630-56-8,Hydroxyprogesterone caproate,428.6,5.315,0.0175,195.0,1.7003,50.1562,0.4272,2.6731,3.888,72.922,False,True
473289-62-2,Ilepatril,432.5,2.475,0.319,5.55,,,1.0408,10.9851,,1.979,False,False
186392-65-4,Ingliforib,457.9,0.4186,0.0234,2.09,0.981,9.5699,0.8404,6.9233,4.577,3.311,False,True
125225-28-7,Ipconazole,333.9,4.208,0.0132,101.0,-0.4671,0.3401,0.9747,9.4326,296.108,10.706,False,True
25311-71-1,Isofenphos,345.4,4.117,0.0105,158.0,1.5404,34.7017,0.8158,6.542,4.553,24.148,False,True
33820-53-0,Isopropalin,309.4,4.502,1e-06,12.5,1.271,18.6611,1.5213,33.2147,1.493,2.657,False,True
51-30-9,Isoproterenol hydrochloride,247.7,-1.184,0.609,0.0,1.1979,15.7713,0.2858,1.9302,,,False,True
34123-59-6,Isoproturon,206.3,2.686,0.258,0.0,1.4898,30.8868,-2.23,0.0049,,,False,True
59227-89-3,Laurocapram,281.5,6.109,0.00275,9.8,1.6371,43.3621,1.0001,10.0023,4.424,1.021,False,True
1166-52-5,Lauryl gallate,338.4,4.638,1e-06,0.0,1.5848,38.4392,1.3596,22.8849,,,False,True
129-73-7,Leucomalachite green,330.5,5.525,1e-06,0.0,1.3751,23.72,1.2751,18.8409,,,False,True
51-48-9,Levothyroxine,776.9,4.927,1e-06,0.0,1.4374,27.3794,1.1912,15.5286,,,False,True
117428-22-5,Picoxystrobin,367.3,3.702,0.007216,57.1,,,0.9402,8.7134,,6.552,False,False
1634-78-2,Malaoxon,314.3,1.724,0.538,55.9,2.0488,111.8816,0.8677,7.3722,2.001,7.582,False,True
2919-66-6,Melengestrol acetate,396.5,3.327,0.0232,41.4,1.7803,60.2907,0.7426,5.5272,1.456,7.489,False,True
41394-05-2,Metamitron,202.2,0.8305,0.693,0.0,-1.3211,0.0467,0.3091,2.0364,,,False,True
100-97-0,Methenamine,140.2,-0.1649,0.352,0.0,0.9267,8.4451,-0.2358,0.58,,,False,True
1918-16-7,Propachlor,211.7,2.182,0.345,69.7,1.4514,28.2767,0.377,2.3812,2.465,29.259,False,True
134-20-3,Methyl 2-aminobenzoate,151.2,1.877,0.224,246.0,1.3136,20.5872,0.9152,8.2261,11.949,29.901,False,True
60207-90-1,Propiconazole,342.2,3.717,0.0508,17.0,-0.7544,0.175,1.2392,17.3455,96.588,1.02,False,True
493-52-7,Methyl red,269.3,3.345,0.0304,11.1,0.4436,2.7763,0.9465,8.8397,3.997,1.256,False,True
119-36-8,Methyl salicylate,152.1,2.547,0.107,817.0,1.5604,36.3421,0.7843,6.0844,22.48,134.255,False,True
61-73-4,Methylene blue,319.8,0.6257,0.38,13.9,0.3055,2.0196,1.0587,11.4464,6.88,1.214,False,True
90-94-8,Michler's ketone,268.4,3.869,0.00959,39.2,1.492,31.0412,1.0806,12.0369,1.263,3.256,False,True
501-36-0,Resveratrol,228.2,3.304,1e-06,62.9,1.3785,23.9049,2.1431,139.015,2.631,2.21,False,True
1746-81-2,Monolinuron,214.6,2.297,0.205,0.0,1.3849,24.2607,0.356,2.269,,,False,True
4376-18-5,Monomethyl phthalate,180.2,1.139,0.372,0.0,1.6023,40.0239,0.7355,5.4374,,,False,True
654055-01-3,Morin hydrate,338.3,1.499,1e-06,0.0,,,2.2431,175.0058,,,False,False
1214-39-7,N-benzyladenine,225.3,1.567,0.138,0.0,-2.8658,0.0004,1.4826,30.3769,,,False,True
103-69-5,N-ethylaniline,121.2,2.16,0.214,21.8,0.7182,5.225,0.8066,6.4051,4.172,3.403,False,True
872-50-4,N-methyl-2-pyrrolidone,99.13,-0.4585,0.888,0.04123,1.8411,69.3541,-0.2321,0.585,1642.318,13.877,False,True
82385-42-0,Sodium saccharin hydrate,223.2,-2.005,0.698,0.0,0.99,9.7703,-0.3492,0.4465,,,False,True
88-12-0,N-vinyl-2-pyrrolidone,111.1,0.3681,0.953,0.0,1.6381,43.4568,0.5016,3.1729,,,False,True
63449-68-3,Naphthalen-2-yl 2-aminobenzoate,263.3,3.48,0.00653,846.0,1.0314,10.7497,1.1331,13.5842,78.693,62.274,False,True
439687-69-1,Nelivaptan,630.1,2.791,0.0608,35.3,,,0.7135,5.1695,,6.827,False,False
4065-45-6,Sulisobenzone,308.3,2.43,0.00942,1.05,1.5072,32.149,0.6513,4.4797,30.59,4.263,False,True
63612-50-0,Nilutamide,317.2,3.114,0.167,0.0,0.9956,9.8974,1.7031,50.4746,,,False,True
59-87-0,Nitrofurazone,198.1,0.2287,0.856,0.0,0.5688,3.7042,0.0798,1.2007,,,False,True
110-25-8,Oleyl sarcosine,353.5,6.151,1e-06,41.7,1.7083,51.0805,1.1912,15.5286,1.225,2.685,False,True
125-13-3,Oxyphenisatin,317.3,3.339,0.0266,0.0,0.6719,4.6969,0.9116,8.1571,,,False,True
125-31-5,P-xylenol blue,410.5,4.034,0.0261,0.0,1.2609,18.2319,0.6547,4.5145,,,False,True
311-45-5,Paraoxon,275.2,1.981,0.46,0.0,1.3546,22.6271,0.8803,7.5894,,,False,True
501027-49-2,Pd-0333941,390.4,5.023,0.00409,3.4,,,0.7322,5.3964,,1.587,False,False
1114-71-2,Pebulate,203.3,3.835,1e-06,159.0,2.0308,107.3407,-0.6671,0.2142,1.481,738.75,False,True
NOCAS_48505,Pharmagsid_48505,353.8,3.169,0.0135,0.0,,,0.9544,9.0023,,,False,False
460081-99-6,Pharmagsid_48510,436.4,5.009,0.0142,7.69,,,0.5776,3.7804,,2.034,False,False
57-30-7,Phenobarbital sodium,254.2,-1.405,0.247,0.0,0.602,3.9983,0.3672,2.328,,,False,True
143-74-8,Phenol red,354.4,3.02,0.142,1.1,1.0525,11.2848,1.7548,56.8546,10.25,51.64,False,True
34487-61-1,Phenol red sodium salt,376.4,0.9263,0.0878,0.0,1.0173,10.4046,1.0835,12.1178,,,False,True
81-90-3,Phenolphthalin,320.3,2.612,0.00918,1.85,1.3872,24.3856,0.6323,4.2876,13.175,2.317,False,True
92-84-2,Phenothiazine,199.3,4.149,0.0043,0.0,0.3272,2.1232,-1.4113,0.0378,,,False,True
169590-42-5,Celecoxib,381.4,3.566,0.002837,25.7,0.3231,2.1034,1.3201,20.8948,12.213,1.23,False,True
95266-40-3,Trinexapac-ethyl,252.3,0.968,0.137,3.82,,,1.0019,10.044,,2.629,False,False
101-20-2,Triclocarban,315.6,4.666,0.003883,9.45,0.7391,5.483,1.165,14.6201,1.723,1.547,False,True
26259-45-0,Secbumeton,225.3,3.103,0.0461,6.53,-1.9615,0.0099,0.8063,6.4014,597.63,1.02,False,True
81131-70-6,Pravastatin sodium,446.5,-0.2281,0.361,0.0,1.5332,34.1357,0.3255,2.1151,,,False,True
32809-16-8,Procymidone,284.1,3.081,0.0499,5.32,1.0831,12.1078,1.4306,26.9502,2.276,5.065,False,True
1071-93-8,Hexanedihydrazide,174.2,-0.2851,0.9601,0.6018,1.4284,26.8146,-0.2487,0.563,44.485,1.069,False,True
2312-35-8,Propargite,350.5,4.999,0.0133,24.0,1.664,46.132,0.5834,3.8311,1.922,6.263,False,True
111-40-0,Diethylenetriamine,103.2,-0.8286,0.9678,2.003,1.0734,11.8391,-0.2171,0.6056,5.908,3.303,False,True
181274-15-7,Propoxycarbazone-sodium,420.4,1.191,0.00891,0.0,0.8518,7.1079,1.5153,32.7581,,,False,True
121-79-9,Propyl gallate,212.2,1.8,0.0258,49.7,1.6014,39.9393,0.1107,1.2894,1.244,38.515,False,True
129630-19-9,Pyraflufen-ethyl,413.2,3.491,0.435,0.0,0.795,6.2359,1.5067,32.1127,,,False,True
82640-04-8,Raloxifene hydrochloride,510.0,1.57,0.0129,43.7,1.281,19.0977,0.6107,4.0796,2.288,10.71,False,True
335104-84-2,Tembotrione,440.8,1.926,0.0919,0.0,,,0.801,6.3235,,,False,False
989-38-8,Rhodamine 6g,479.0,1.207,1e-06,0.0,0.9034,8.0042,1.0892,12.2792,,,False,True
2597-03-7,Phenthoate,320.4,3.69,0.02456,168.0,1.8983,79.124,0.8265,6.7063,2.123,25.048,False,True
1176-74-5,Tetrabromophenolphthalein ethyl ester,662.0,5.769,0.0114,0.0,1.5433,34.9368,0.5776,3.7804,,,False,True
2492-26-4,Sodium 2-mercaptobenzothiolate,189.2,1.009,0.0368,41.7,0.1756,1.4972,-0.1895,0.6454,27.834,64.511,False,True
824-78-2,Sodium 4-nitrophenolate,161.1,-1.518,0.17,48.1,1.0742,11.8627,-0.114,0.7681,4.054,62.541,False,True
4418-26-2,Sodium dehydroacetate,190.1,-2.545,0.062,0.0,1.6129,41.008,-0.245,0.5679,,,False,True
41481-66-7,"4,4'-sulfonylbis[2-(prop-2-en-1-yl)phenol]",330.4,2.843,0.0759,84.7,1.4854,30.5783,0.8975,7.8973,2.77,10.724,False,True
57-68-1,Sulfamethazine,278.3,0.1913,0.175,0.0,0.1363,1.3676,0.5244,3.3438,,,False,True
59-40-5,Sulfaquinoxaline,300.3,1.68,0.0037,0.0,-0.6058,0.2469,1.9999,99.9658,,,False,True
3689-24-5,Sulfotepp,322.3,3.988,0.0206,101.0,1.9653,92.3181,0.7952,6.2399,1.094,16.184,False,True
6259-76-3,Hexyl salicylate,222.3,3.185,1e-06,191.4,1.5204,33.1389,-0.5487,0.2817,5.776,677.119,False,True
288104-79-0,Surinabant,522.3,5.451,1e-06,0.0,,,1.1912,15.5286,,,False,False
149-57-5,2-ethylhexanoic acid,144.2,2.643,0.1316,1.715,1.5699,37.1436,0.8097,6.4505,21.646,3.76,False,True
13071-79-9,Terbufos,288.4,4.478,0.0306,32.5,2.1728,148.8808,1.1186,13.1394,4.581,2.473,False,True
57-85-2,Testosterone propionate,344.5,4.102,1e-06,427.0,1.6546,45.1432,1.4984,31.508,9.459,13.552,False,True
67-63-0,Isopropanol,60.1,0.05195,0.9214,0.2182,1.097,12.5027,-0.1113,0.773,57.042,3.531,False,True
36062-04-1,Tetrahydrocurcumin,372.4,2.343,0.0501,173.0,1.6846,48.3752,0.2604,1.8204,3.576,94.984,False,True
83-67-0,Theobromine,180.2,-0.7743,0.955,396.0,-1.2763,0.0519,-0.2337,0.5829,7482.307,678.226,False,True
137-26-8,Thiram,240.4,1.73,1e-06,816.0,3.1969,1573.5656,2.8408,693.1424,1.928,1.177,True,True
1156-19-0,Tolazamide,311.4,2.687,0.065,0.0,1.5389,34.5839,0.9506,8.9234,,,False,True
87820-88-0,Tralkoxydim,329.4,4.461,0.169,0.0,,,1.5218,33.2528,,,False,False
189003-92-7,Trelanserin,465.6,2.729,0.0607,7.06,,,0.734,5.4189,,1.303,False,False
24017-47-8,Triazophos,313.3,3.341,0.049,30.2,-0.8528,0.1393,1.4082,25.5979,215.214,1.18,False,True
5915-41-3,Terbuthylazine,229.7,3.21,0.08238,4.1,-2.5722,0.0017,1.253,17.906,1531.535,4.367,False,True
112-49-2,Triethylene glycol dimethyl ether,178.2,-0.1647,0.66,0.0,1.6838,48.283,-0.2586,0.5503,,,False,True
64-17-5,Ethanol,46.07,-0.3097,0.9338,3.958,0.9724,9.3833,-0.2321,0.585,2.37,6.756,False,True
64091-91-4,4-(n-methyl-n-nitrosamino)-1-(3-pyridyl)-1-butanone,207.2,1.082,0.9647,4.538,0.7122,5.1535,0.2151,1.6401,1.136,2.766,False,True
2226-96-2,"4-hydroxy-2,2,6,6-tetramethylpiperidin-1-yl)oxidanyl",172.2,0.8918,1.0,10.4,1.5119,32.4988,0.6358,4.3223,3.125,2.406,False,True
3913-02-8,2-butyloctan-1-ol,186.3,4.816,1.0,0.658,1.4091,25.6481,-1.0451,0.0891,38.921,7.311,False,True
72-33-3,Mestranol,310.4,4.15,0.04205,10.2,1.4401,27.5485,1.1987,15.8012,2.701,1.549,False,True
105-13-5,(4-methoxyphenyl)methanol,138.2,1.1,0.9392,90.03,1.3905,24.576,0.6896,4.8928,3.663,18.397,False,True
106-25-2,"(2z)-3,7-dimethylocta-2,6-dien-1-ol",154.3,3.558,1e-06,1.57,1.6718,46.9646,-0.8147,0.1522,29.895,10.253,False,True
104-40-5,4-n-nonylphenol,220.4,5.757,0.0209,62.6,1.4827,30.3862,-1.8334,0.0137,2.06,4265.856,False,True
108612-45-9,Mizolastine,432.5,3.333,0.023,6.0,-0.2674,0.5393,0.7426,5.5272,11.108,1.086,False,True
4394-85-8,4-morpholinecarboxaldehyde,115.1,-1.057,0.9528,0.4016,1.5359,34.3476,-0.2171,0.6056,85.317,1.507,False,True
111-76-2,2-butoxyethanol,118.2,0.828,0.8332,0.8515,1.4383,27.4316,0.6933,4.9336,32.179,5.788,False,True
6425-39-4,"4,4'-(oxydiethylene)bis(morpholine)",244.3,0.01817,1.0,2.573,1.6359,43.2417,0.2775,1.8933,16.8,1.359,False,True
125116-23-6,Metconazole,319.8,3.85,0.02646,16.7,-0.5606,0.274,0.763,5.7927,60.727,2.883,False,True
97-74-5,Tetramethylthiuram monosulfide,208.4,0.9374,0.6276,18.06,3.0927,1238.0656,0.0837,1.2117,68.549,14.893,False,True
2943-75-1,Triethoxyoctylsilane,276.5,4.71,0.026,11.06,1.5759,37.6627,1.0721,11.8055,3.405,1.067,False,True
3445-11-2,1-(2-hydroxyethyl)pyrrolidin-2-one,129.2,-0.7006,1.0,0.1559,1.6255,42.2185,-0.2337,0.5829,269.085,3.721,False,True
91-76-9,"6-phenyl-1,3,5-triazine-2,4-diamine",187.2,1.362,0.343,1.18,-2.8744,0.0003,0.5668,3.6873,884.466,3.123,False,True
97-78-9,N-dodecanoyl-n-methylglycine,271.4,3.792,0.003219,42.07,,,1.4604,28.8641,,1.458,False,False
5232-99-5,"Ethyl 2-cyano-3,3-diphenylacrylate",277.3,2.97,0.007005,161.3,1.4715,29.6099,1.1103,12.8915,5.447,12.511,False,True
88-27-7,"2,6-di-tert-butyl-4-[(dimethylamino)methyl]phenol",263.4,4.028,0.2649,1.55,1.6316,42.8139,1.6821,48.0917,27.605,31.008,False,True
81-07-2,Saccharin,183.2,0.9093,0.2258,1.917,0.9905,9.7825,0.3924,2.4671,5.101,1.287,False,True
5124-25-4,C.i.disperse yellow 42,369.4,4.599,1e-06,109.1,0.7272,5.3352,1.3596,22.8849,20.445,4.767,False,True
