CAS,Compound,MW,logP,Fup,Clint_lit,GCN_log10_pred,GCN_Clint_pred,RF_log10_pred,RF_Clint_pred,fold_error_GCN,fold_error_RF,in_train,has_smiles
2971-36-0,"2,2-bis(4-hydroxyphenyl)-1,1,1-trichloroethane (hpte)",317.6,4.622,0.005,136.5,1.4744,29.8119,1.4087,25.6254,4.579,5.327,True,True
94-75-7,"2,4-d",221.0,2.809,0.04001,0.0,1.2762,18.8869,1.3785,23.9038,,,False,True
94-82-6,"2,4-db",249.1,3.528,0.006623,0.0,1.3069,20.2731,1.6156,41.2685,,,False,True
90-43-7,2-phenylphenol,170.2,3.091,0.04105,0.0,0.9288,8.4866,1.6516,44.8303,,,False,True
1007-28-9,6-desisopropylatrazine,173.6,1.15,0.4588,0.0,-3.6563,0.0,1.0954,12.4555,,,False,True
71751-41-2,Abamectin,819.0,4.48,0.06687,5.24,1.4637,29.0858,0.9032,8.0014,5.55,1.527,True,True
30560-19-1,Acephate,183.2,-0.8482,0.8684,0.0,2.151,141.5844,0.9649,9.2216,,,False,True
135410-20-7,Acetamiprid,222.7,1.834,0.5732,0.0,0.5375,3.4468,0.7781,5.998,,,False,True
34256-82-1,Acetochlor,269.8,3.032,0.1598,84.71,2.1007,126.0929,1.1828,15.2314,1.489,5.561,True,True
50594-66-6,Acifluorfen,361.7,3.701,0.0111,0.0,1.2189,16.5535,1.6033,40.1159,,,False,True
15972-60-8,Alachlor,269.8,3.518,0.1332,62.9,1.7476,55.9291,1.2483,17.7104,1.125,3.551,True,True
116-06-3,Aldicarb,190.3,1.129,0.4809,0.0,1.7742,59.4497,1.0482,11.1718,,,False,True
834-12-8,Ametryn,227.3,2.979,0.003952,14.7,-1.8102,0.0145,1.5519,35.6376,949.613,2.424,False,True
33089-61-1,Amitraz,293.4,5.495,1e-06,33.3,0.9455,8.8203,1.7399,54.9403,3.775,1.65,True,True
101-05-3,Anilazine,275.5,3.878,0.005,22.5,-2.725,0.0009,1.5776,37.8086,11945.431,1.68,True,True
1912-24-9,Atrazine,215.7,2.611,0.1237,0.0,-2.836,0.0005,1.143,13.8983,,,False,True
86-50-0,Azinphos-methyl,317.3,2.749,0.2137,32.63,-0.0981,0.7968,1.175,14.96,40.901,2.181,True,True
131860-33-8,Azoxystrobin,403.4,2.503,0.04763,32.39,0.1524,1.4195,0.9163,8.2452,22.805,3.928,False,True
22781-23-3,Bendiocarb,223.2,1.702,0.1971,21.66,1.1735,14.9083,0.9222,8.3596,1.453,2.591,True,True
83055-99-6,Bensulfuron-methyl,410.4,2.289,0.00905,1.65,0.5484,3.5345,1.2284,16.917,2.141,10.247,False,True
741-58-2,Bensulide,397.5,4.209,0.006078,250.3,1.7203,52.5189,1.665,46.2396,4.766,5.413,True,True
25057-89-0,Bentazone,240.3,2.337,0.02147,0.0,1.0259,10.614,1.4429,27.7248,,,False,True
149877-41-8,Bifenazate,300.4,3.165,0.836,41.15,0.8702,7.4147,1.6492,44.5801,5.549,1.083,True,True
82657-04-3,Bifenthrin,422.9,6.186,0.005,0.0,1.5311,33.9728,1.0487,11.1855,,,False,True
80-05-7,Bisphenol-a,228.3,3.32,0.0385,19.9,1.4212,26.372,1.3945,24.8028,1.325,1.246,True,True
188425-85-6,Boscalid,343.2,2.961,0.03201,17.28,0.2949,1.9707,1.2003,15.8581,8.763,1.09,True,True
314-40-9,Bromacil,261.1,2.109,0.0852,0.0,0.9614,9.1484,1.1117,12.9331,,,False,True
1689-84-5,Bromoxynil,276.9,2.625,0.5001,7.866,1.1649,14.6173,0.8371,6.8715,1.858,1.145,True,True
69327-76-0,Buprofezin,305.4,4.299,0.0003605,18.47,1.2499,17.7776,1.613,41.023,1.039,2.221,True,True
23184-66-9,Butachlor,311.8,4.497,0.005,100.8,1.7087,51.1293,1.7433,55.37,1.971,1.82,True,True
33629-47-9,Butralin,295.3,4.929,0.005,31.35,1.0065,10.1499,1.306,20.2288,3.089,1.55,True,True
2008-41-5,Butylate,217.4,4.149,0.005,52.51,1.9474,88.599,1.6249,42.159,1.687,1.246,True,True
63-25-2,Carbaryl,201.2,2.358,0.6922,27.27,1.1215,13.2268,1.0081,10.1871,2.062,2.677,True,True
5234-68-4,Carboxin,235.3,2.14,0.175,24.41,1.4811,30.2718,1.0759,11.909,1.24,2.05,True,True
54593-83-8,Chlorethoxyfos,336.0,4.588,0.00394,617.0,1.8814,76.1093,1.7231,52.8574,8.107,11.673,True,True
1698-60-8,Chloridazon,221.6,1.172,0.4273,0.0,-0.8275,0.1478,0.9447,8.8035,,,False,True
101-21-3,Chlorpropham,213.7,3.507,0.0833,78.1,1.1672,14.6936,1.3816,24.0765,5.314,3.244,False,True
5598-13-0,Chlorpyrifos-methyl,322.5,4.31,0.005,24.1,0.6528,4.4946,1.6058,40.3465,5.361,1.674,True,True
87818-31-3,Cinmethylin,274.4,4.62,0.005,28.17,1.431,26.9761,1.4521,28.3207,1.044,1.005,False,True
74115-24-5,Clofentezine,303.2,3.1,0.005,0.0,-2.4238,0.0028,1.555,35.8949,,,False,True
81777-89-1,Clomazone,239.7,2.498,0.1734,3.038,1.3477,22.2671,0.8974,7.8953,7.328,2.598,True,True
101-10-0,Cloprop,200.6,2.542,0.02239,0.0,1.3374,21.7464,1.5439,34.9858,,,False,True
210880-92-5,Clothianidin,249.7,0.7017,0.5059,10.73,0.2503,1.7786,0.8908,7.7765,6.03,1.38,True,True
56-72-4,Coumaphos,362.8,4.128,1e-06,31.7,1.5907,38.9654,1.7194,52.4059,1.229,1.653,True,True
21725-46-2,Cyanazine,240.7,2.221,0.3155,0.0,-2.3835,0.0031,0.9574,9.0656,,,False,True
113136-77-9,Cyclanilide,274.1,2.683,0.984,0.0,1.1756,14.9825,1.5033,31.8632,,,False,True
1134-23-2,Cycloate,215.4,3.924,0.005,34.48,2.0187,104.3917,1.5697,37.1308,3.028,1.077,True,True
94361-06-5,Cyproconazole,291.8,2.902,0.1086,1.538,-0.7943,0.1596,1.1349,13.6429,9.584,8.865,True,True
121552-61-2,Cyprodinil,225.3,3.998,0.002141,37.77,-0.6927,0.2019,1.6205,41.7353,186.148,1.105,True,True
66215-27-8,Cyromazine,166.2,0.8033,0.9352,0.0,-3.3916,0.0,0.9956,9.8985,,,False,True
584-79-2,"D-cis,trans-allethrin",302.4,4.78,0.2902,0.0,1.7937,62.1808,0.5252,3.35,,,False,True
533-74-4,Dazomet,162.3,0.6304,0.8914,12.42,2.2324,170.7806,1.0728,11.8237,13.748,1.05,True,True
333-41-5,Diazinon,304.3,3.809,0.0388,30.5,0.5984,3.9655,1.2483,17.7123,7.69,1.722,True,True
962-58-3,Diazoxon,288.3,2.072,0.3269,34.62,0.4777,3.003,0.9863,9.6889,11.525,3.573,True,True
1918-00-9,Dicamba,221.0,2.212,0.1802,0.0,1.4389,27.4707,1.1078,12.8155,,,False,True
1194-65-6,Dichlobenil,172.0,2.741,0.06222,0.0,0.7879,6.1354,1.3697,23.4253,,,False,True
99-30-9,Dichloran,207.0,2.799,0.005,0.0,0.799,6.2938,1.5891,38.8248,,,False,True
120-36-5,Dichlorprop,235.1,2.827,0.008529,0.0,1.2849,19.2687,1.5691,37.0732,,,False,True
51338-27-3,Diclofop-methyl,341.2,4.709,0.005,0.0,1.2807,19.0842,1.4398,27.5279,,,False,True
145701-21-9,Diclosulam,406.2,2.52,0.00648,3.442,-1.1314,0.0729,1.1779,15.0618,46.595,4.375,True,True
115-32-2,Dicofol,370.5,5.024,1e-06,27.8,1.1118,12.9362,1.6319,42.8451,2.149,1.541,True,True
141-66-2,Dicrotophos,237.2,0.0002994,0.8457,0.0,2.1195,131.6585,0.5387,3.4558,,,False,True
117-81-7,Diethylhexyl phthalate (dehp),390.6,7.525,0.04558,0.0,1.548,35.3195,1.0221,10.5218,,,False,True
134-62-3,Diethyltoluamide,191.3,2.184,0.3559,3.797,1.654,45.0782,0.9581,9.0784,11.87,2.391,True,True
119446-68-3,Difenoconazole,406.3,4.297,0.0115,30.6,-0.4669,0.3403,1.5535,35.767,89.668,1.169,True,True
43222-48-6,Difenzoquat metilsulfate,360.4,0.5632,0.8513,0.0,0.8655,7.3359,1.0667,11.6585,,,False,True
87674-68-8,Dimethenamid,275.8,2.15,0.2318,19.92,1.8655,73.3586,1.0073,10.1695,3.683,1.959,True,True
60-51-5,Dimethoate,229.2,0.7805,0.9649,3.682,2.2219,166.6911,0.8203,6.6099,45.258,1.795,True,True
110488-70-5,Dimethomorph,387.9,2.68,0.09428,20.3,1.4721,29.6553,0.9786,9.5179,1.461,2.133,True,True
131-11-3,Dimethyl phthalate,194.2,1.584,0.656,0.0,1.714,51.7541,0.8074,6.4169,,,False,True
83657-24-3,Diniconazole,326.2,4.297,0.01947,0.0,-0.6797,0.2081,1.5639,36.6326,,,False,True
122-39-4,Diphenylamine,169.2,3.499,0.003875,64.57,0.3938,2.4752,1.6969,49.7584,26.076,1.298,True,True
97886-45-8,Dithiopyr,401.4,4.749,0.005,13.25,1.8193,65.9659,1.4253,26.6225,4.978,2.009,True,True
330-54-1,Diuron,233.1,2.678,0.1615,12.15,1.2458,17.6115,0.9927,9.8318,1.449,1.236,False,True
155569-91-8,Emamectin benzoate,1008.0,5.0,0.001379,0.0,1.446,27.9234,0.9738,9.4134,,,False,True
115-29-7,Endosulfan,406.9,3.828,0.11,0.0,1.471,29.5772,1.0866,12.2051,,,False,True
759-94-4,Eptc,189.3,3.21,0.005,80.36,2.0629,115.5894,1.616,41.3006,1.438,1.946,True,True
66230-04-4,Esfenvalerate,419.9,6.2,1e-06,0.0,1.3042,20.1433,1.0271,10.6439,,,False,True
55283-68-6,Ethalfluralin,333.3,5.11,0.005,0.0,1.4189,26.2321,1.4488,28.106,,,False,True
97780-06-8,Ethametsulfuron methyl,410.4,1.59,0.01566,0.0,-0.3147,0.4835,1.1528,14.2152,,,False,True
26225-79-6,Ethofumesate,286.3,2.703,0.1313,17.64,1.4951,31.266,1.1471,14.031,1.772,1.257,True,True
13194-48-4,Ethoprop,242.3,3.588,0.09346,20.95,2.0266,106.3165,1.2381,17.2998,5.075,1.211,True,True
153233-91-1,Etoxazole,359.4,3.762,0.005,18.48,1.1464,14.0088,1.5594,36.2594,1.319,1.962,True,True
2593-15-9,Etridiazole,247.5,3.368,0.005,127.0,-1.082,0.0818,1.5743,37.5242,1533.936,3.384,True,True
161326-34-7,Fenamidone,311.4,2.747,0.02436,17.74,0.6267,4.2325,1.4414,27.6276,4.191,1.557,True,True
22224-92-6,Fenamiphos,303.4,3.23,0.04138,62.11,1.5789,37.9238,1.2562,18.039,1.638,3.443,True,True
60168-88-9,Fenarimol,331.2,3.59,0.03671,3.788,-0.5306,0.2937,1.2376,17.2824,12.857,4.561,True,True
114369-43-6,Fenbuconazole,336.8,3.229,0.0188,21.7,-0.4839,0.3271,1.5788,37.9168,66.127,1.747,True,True
126833-17-8,Fenhexamid,302.2,3.513,0.05719,35.27,1.3084,20.3408,1.2595,18.1758,1.734,1.94,False,True
122-14-5,Fenitrothion,277.2,3.301,0.005,10.02,1.6097,40.7091,1.5743,37.5242,4.062,3.745,True,True
66441-23-4,Fenoxaprop-ethyl,361.8,4.579,0.005,0.0,0.4999,3.1605,2.0187,104.3971,,,False,True
72490-01-8,Fenoxycarb,301.3,4.297,0.00327,23.1,1.2813,19.11,1.5701,37.1613,1.209,1.609,True,True
55-38-9,Fenthion,278.3,4.09,0.02203,87.2,1.9006,79.5505,1.5559,35.9697,1.096,2.424,True,True
120068-37-3,Fipronil,437.1,3.998,0.0461,0.0,0.4646,2.9137,1.224,16.748,,,False,True
79241-46-6,Fluazifop-p-butyl,383.4,4.5,0.005,234.4,0.9471,8.8529,1.9038,80.1294,26.476,2.925,True,True
79622-59-6,Fluazinam,465.1,4.01,0.004357,24.76,0.418,2.6172,1.4488,28.1052,9.457,1.135,False,True
131341-86-1,Fludioxonil,248.2,4.116,0.003583,37.05,0.0246,1.0574,1.5776,37.8086,35.011,1.02,True,True
142459-58-3,Flufenacet,363.3,3.2,0.1375,29.0,0.4522,2.8318,1.2172,16.4886,10.238,1.759,True,True
62924-70-3,Flumetralin,421.7,5.447,0.005,0.0,1.2863,19.3323,1.2308,17.012,,,False,True
98967-40-9,Flumetsulam,325.3,1.61,0.01727,7.521,-1.1974,0.0625,1.3492,22.3452,118.504,2.971,True,True
103361-09-7,Flumioxazin,354.3,2.549,0.02807,8.336,1.3244,21.1037,1.1225,13.2573,2.532,1.59,True,True
2164-17-2,Fluometuron,232.2,2.421,0.2589,10.06,1.4957,31.3083,1.0067,10.1553,3.112,1.009,True,True
361377-29-9,Fluoxastrobin,458.8,4.011,0.0362,16.35,0.0415,1.0992,1.2287,16.9308,14.861,1.036,True,True
69377-81-7,Fluroxypyr,255.0,1.677,0.09194,1.791,0.6663,4.6371,1.0183,10.4295,2.588,5.821,True,True
81406-37-3,Fluroxypyr-meptyl,367.2,4.529,0.005,0.0,1.0168,10.3931,1.9553,90.2241,,,False,True
85509-19-9,Flusilazole,315.4,3.701,0.02893,6.959,-0.5962,0.2524,1.3903,24.563,27.467,3.529,True,True
66332-96-5,Flutolanil,323.3,3.702,0.01882,14.17,1.2272,16.8715,1.5468,35.2163,1.191,2.485,False,True
173159-57-4,Foramsulfuron,452.4,0.7454,0.0649,0.0,0.5536,3.5766,0.7959,6.2497,,,False,True
68157-60-8,Forchlorfenuron,247.7,3.199,0.02755,26.87,-0.1844,0.653,1.5527,35.699,41.085,1.329,True,True
23422-53-9,Formetanate hydrochloride,257.7,-0.4626,0.8853,13.72,1.0703,11.7563,0.7409,5.5059,1.167,2.492,True,True
98886-44-3,Fosthiazate,283.3,1.681,0.4599,0.0,1.9207,83.3035,0.7075,5.0987,,,False,True
100784-20-1,Halosulfuron-methyl,434.8,-0.01661,0.009462,0.0,0.0483,1.1166,1.0866,12.2057,,,False,True
79983-71-4,Hexaconazole,314.2,3.899,0.041,16.22,-0.878,0.1314,1.2595,18.1758,122.484,1.121,True,True
51235-04-2,Hexazinone,252.3,1.849,0.613,6.361,0.6442,4.4065,0.7011,5.0234,1.443,1.266,True,True
78587-05-0,Hexythiazox,352.9,2.905,0.005,110.4,1.5913,39.0208,1.5221,33.2713,2.829,3.318,True,True
119515-38-7,Icaridin,229.3,2.534,0.2842,12.56,1.6187,41.5648,0.9822,9.5971,3.309,1.309,True,True
35554-44-0,Imazalil,297.2,3.818,0.02956,0.0,0.0449,1.108,1.3903,24.563,,,False,True
114311-32-9,Imazamox,305.3,0.7307,0.4548,0.0,0.2093,1.6182,0.7901,6.1657,,,False,True
104098-48-8,Imazapic,275.3,2.464,0.5468,0.0,0.0962,1.2471,0.8206,6.6148,,,False,True
81334-34-1,Imazapyr,261.3,0.2237,0.9231,0.0,-0.1101,0.775,0.4801,3.0197,,,False,True
81335-37-7,Imazaquin,311.3,1.861,0.1513,2.457,-0.0009,0.997,0.8841,7.6572,2.463,3.116,True,True
81335-77-5,Imazethapyr,289.3,1.446,0.2895,2.351,0.1365,1.3683,0.7659,5.8319,1.718,2.48,True,True
138261-41-3,Imidacloprid,255.7,0.5735,0.6559,2.807,0.6672,4.6468,0.9032,8.0006,1.655,2.85,True,True
173584-44-6,Indoxacarb,527.8,4.647,0.005,31.36,1.2456,17.6015,1.3385,21.8006,1.782,1.438,True,True
144550-36-7,Iodosulfuron-methyl-sodium,529.2,1.881,0.006681,5.691,0.1476,1.4038,1.0802,12.0271,4.052,2.113,True,True
36734-19-7,Iprodione,330.2,2.998,0.005,11.7,1.137,13.7091,1.5221,33.2713,1.172,2.844,True,True
42509-80-8,Isazofos,313.7,3.819,0.06539,19.53,-0.3762,0.4195,1.2459,17.6154,46.443,1.109,True,True
82558-50-7,Isoxaben,332.4,3.94,0.0718,17.7,0.5395,3.4623,1.2352,17.1879,5.111,1.03,True,True
141112-29-0,Isoxaflutole,359.3,2.322,0.01655,20.42,0.9545,9.0042,1.4076,25.5623,2.268,1.252,True,True
77501-63-4,Lactofen,461.8,4.808,0.005,0.0,1.4114,25.7835,1.3219,20.9856,,,False,True
58-89-9,Lindane,290.8,3.719,0.0165,0.0,1.5787,37.9017,1.5928,39.1545,,,False,True
330-55-2,Linuron,249.1,3.198,0.1051,33.05,1.2768,18.9125,1.2348,17.1696,1.747,1.925,True,True
121-75-5,Malathion,330.4,2.359,0.145,368.0,2.1555,143.043,0.9212,8.3389,2.572,44.126,False,True
94-74-6,Mcpa,200.6,3.243,0.01797,0.0,1.4817,30.3164,1.6387,43.5159,,,False,True
208465-21-8,Mesosulfuron-methyl,503.5,1.014,0.005,5.452,0.7782,5.9996,1.0509,11.2433,1.1,2.062,True,True
104206-82-8,Mesotrione,339.3,0.783,0.3548,0.0,1.6803,47.8961,0.7747,5.9511,,,False,True
57837-19-1,Metalaxyl,279.3,1.65,0.7306,0.0,1.8697,74.0867,0.8411,6.9347,,,False,True
950-37-8,Methidathion,302.3,2.199,0.2685,3.924,1.1382,13.7457,0.9212,8.3389,3.502,2.125,True,True
72-43-5,Methoxychlor,345.6,5.08,0.0171,12.5,1.4911,30.983,1.4564,28.6008,2.478,2.288,True,True
161050-58-4,Methoxyfenozide,368.5,3.699,0.06119,16.2,1.619,41.5937,1.2865,19.3413,2.567,1.194,True,True
298-00-0,Methyl parathion,263.2,2.862,0.02832,14.19,1.5063,32.0826,1.4786,30.0979,2.261,2.121,True,True
51218-45-2,Metolachlor,283.8,3.131,0.1773,35.37,1.7362,54.4804,1.2297,16.9697,1.54,2.084,True,True
21087-64-9,Metribuzin,214.3,1.7,0.4787,1.067,-0.7685,0.1694,0.7522,5.6508,6.267,5.292,True,True
74223-64-6,Metsulfuron-methyl,381.4,2.199,0.08599,2.319,-0.0137,0.9679,0.9908,9.7901,2.394,4.22,True,True
7786-34-7,Mevinphos,224.1,0.1298,0.674,4.7,2.0363,108.7098,0.5451,3.507,23.126,1.34,True,True
113-48-4,Mgk,275.4,3.7,0.005,0.0,1.6128,41.0033,1.5776,37.8086,,,False,True
2212-67-1,Molinate,187.3,3.209,0.09714,0.0,2.008,101.8582,1.2354,17.1922,,,False,True
131-70-4,Monobutyl phthalate,222.2,2.372,0.2077,0.0,1.5546,35.8551,1.1254,13.347,,,False,True
88671-89-0,Myclobutanil,288.8,2.94,0.08429,16.4,-0.7888,0.1616,1.2086,16.1637,100.849,1.015,True,True
15299-99-7,Napropamide,271.4,3.358,0.005,15.15,1.366,23.2244,1.5743,37.5242,1.533,2.477,True,True
50-65-7,Niclosamide,327.1,3.748,0.005,12.0,1.0094,10.2181,1.5594,36.2594,1.174,3.021,True,True
27314-13-2,Norflurazon,303.7,2.378,0.1841,11.09,-0.1617,0.6881,0.9845,9.6486,16.094,1.149,True,True
19044-88-3,Oryzalin,346.4,3.725,0.004802,20.2,1.3742,23.6673,1.5594,36.2594,1.172,1.795,True,True
19666-30-9,Oxadiazon,345.2,4.798,0.00364,0.0,-0.0641,0.8617,1.5482,35.3334,,,False,True
23135-22-0,Oxamyl,219.3,-0.4706,0.7926,0.0,2.3505,224.1133,0.6153,4.123,,,False,True
144651-06-9,Oxasulfuron,406.4,1.101,0.06084,3.107,0.701,5.0224,0.8066,6.4051,1.616,2.061,True,True
42874-03-3,Oxyfluorfen,361.7,4.73,0.1218,0.0,1.1647,14.6108,1.422,26.4237,,,False,True
6153-64-6,Oxytetracycline dihydrate,496.5,-3.97,0.3982,0.0,1.59,38.9057,1.1763,15.0058,,,False,True
76738-62-0,Paclobutrazol,293.8,3.202,0.1538,7.14,-0.6139,0.2423,1.187,15.3822,29.353,2.154,True,True
56-38-2,Parathion,291.3,3.83,0.04,6.65,1.4694,29.4683,1.2483,17.7123,4.431,2.663,True,True
40487-42-1,Pendimethalin,281.3,5.198,0.005,7.214,1.2242,16.7566,1.1985,15.7932,2.323,2.189,True,True
219714-96-2,Penoxsulam,483.4,2.482,0.01009,0.0,-0.3641,0.4314,1.1734,14.9079,,,False,True
52645-53-1,Permethrin,391.3,6.499,1e-06,68.4,1.4257,26.6498,1.402,25.2315,2.567,2.711,True,True
122-99-6,Phenoxyethanol,138.2,1.161,0.2957,0.0,1.118,13.1196,1.1583,14.3983,,,False,True
2310-17-0,Phosalone,367.8,4.38,0.00608,25.1,1.2344,17.1553,1.6438,44.0325,1.463,1.754,True,True
1918-02-1,Picloram,241.4,1.899,0.23,0.0,0.3999,2.5104,0.929,8.49,,,False,True
51-03-6,Piperonyl butoxide,338.4,4.745,0.005,76.01,1.4374,27.379,1.4398,27.5279,2.776,2.761,True,True
23103-98-2,Pirimicarb,238.3,1.698,0.1633,22.53,0.9593,9.1036,0.9693,9.3155,2.474,2.418,True,True
29232-93-7,Pirimiphos-methyl,305.3,4.197,0.0134,49.7,0.5188,3.3012,1.5627,36.5363,15.051,1.36,True,True
67747-09-5,Prochloraz,376.7,4.098,0.02237,16.4,0.2865,1.9331,1.4551,28.513,8.48,1.739,True,True
29091-21-2,Prodiamine,350.3,4.102,0.005,7.216,1.3044,20.1564,1.5342,34.2105,2.793,4.74,True,True
1610-18-0,Prometon,225.3,2.991,0.0289,8.17,-1.9237,0.0109,1.5303,33.9042,685.449,4.149,True,True
7287-19-6,Prometryn,241.4,3.511,0.005,35.78,-1.5885,0.0248,1.5776,37.8086,1387.243,1.057,True,True
25606-41-1,Propamocarb hydrochloride,224.7,0.02809,0.8435,5.815,1.442,27.666,0.5451,3.5072,4.757,1.658,True,True
709-98-8,Propanil,218.1,3.071,0.0713,11.3,1.0488,11.1889,1.27,18.6198,1.01,1.648,True,True
139-40-2,Propazine,229.7,2.931,0.03651,14.6,-2.5309,0.0019,1.4279,26.7873,4957.727,1.835,True,True
31218-83-4,Propetamphos,281.3,3.816,0.009787,16.24,1.909,81.0881,1.5516,35.6116,4.993,2.193,True,True
114-26-1,Propoxur,209.2,1.524,0.2159,6.899,1.4037,25.3307,0.9878,9.7211,3.672,1.409,True,True
23950-58-5,Propyzamide,256.1,3.429,0.06756,5.4,1.2467,17.6488,1.2637,18.3533,3.268,3.398,False,True
94125-34-5,Prosulfuron,419.4,1.891,0.005,10.37,0.1122,1.2937,1.0462,11.1216,8.01,1.072,True,True
123312-89-0,Pymetrozine,217.2,-0.1774,0.9946,8.611,-1.1179,0.0752,0.6451,4.416,112.981,1.95,True,True
175013-18-0,Pyraclostrobin,387.8,3.99,0.001584,53.93,0.3394,2.1837,1.5577,36.1156,24.685,1.493,True,True
96489-71-3,Pyridaben,364.9,6.367,0.005,63.93,0.8121,6.4873,1.5188,33.0207,9.854,1.936,True,True
53112-28-0,Pyrimethanil,199.3,2.841,0.01673,43.89,-0.8145,0.1523,1.5945,39.3115,286.336,1.116,False,True
95737-68-1,Pyriproxyfen,321.4,4.199,0.000907,16.86,0.5785,3.7874,1.5907,38.964,4.45,2.311,True,True
123343-16-8,Pyrithiobac-sodium,348.7,0.6002,0.0334,0.0,0.4774,3.0008,1.1141,13.0043,,,False,True
84087-01-4,Quinclorac,242.1,2.772,0.02799,0.0,0.2131,1.6325,1.5186,33.0054,,,False,True
124495-18-7,Quinoxyfen,308.1,4.66,0.005,0.0,0.2193,1.6561,1.3795,23.9623,,,False,True
10453-86-8,Resmethrin,338.4,6.14,0.005,0.0,1.4767,29.9714,1.4675,29.3443,,,False,True
122931-48-0,Rimsulfuron,431.4,0.2909,0.6278,0.0,0.1295,1.3465,0.5144,3.2677,,,False,True
83-79-4,Rotenone,394.4,4.098,0.003404,28.31,1.4327,27.0798,1.5087,32.2637,1.045,1.14,True,True
28434-00-6,s-bioallethrin,302.4,4.78,1e-06,45.9,1.7937,62.1808,1.6917,49.168,1.355,1.071,False,True
74051-80-2,Sethoxydim,327.5,4.38,0.05472,11.87,,,1.2421,17.4629,,1.471,True,False
122-34-9,Simazine,201.7,2.18,0.2845,6.326,-3.1053,0.0,1.1105,12.8976,8063.022,2.039,False,True
118134-30-8,Spiroxamine,297.5,4.616,0.005446,3.353,1.569,37.069,1.4036,25.3275,11.052,7.552,True,True
122836-35-5,Sulfentrazone,387.2,0.9936,0.9933,5.715,0.1842,1.5273,0.7896,6.1597,3.74,1.078,True,True
112410-23-8,Tebufenozide,352.5,4.247,0.03378,22.4,1.5765,37.7168,1.2124,16.3058,1.684,1.374,True,True
119168-77-3,Tebufenpyrad,333.9,4.61,0.005,15.94,0.9485,8.8806,1.4936,31.1596,1.795,1.955,True,True
96182-53-5,Tebupirimfos,318.4,3.543,0.005,22.64,0.198,1.5767,1.5701,37.1613,14.351,1.641,True,True
34014-18-1,Tebuthiuron,228.3,1.788,0.4172,5.282,-0.14,0.7235,0.8598,7.2397,7.293,1.371,True,True
79538-32-2,Tefluthrin,418.7,2.396,0.005,24.81,1.8757,75.1045,1.1446,13.9513,3.027,1.778,True,True
149979-41-9,Tepraloxydim,341.8,3.688,0.3834,3.349,,,0.9341,8.5909,,2.565,True,False
5902-51-2,Terbacil,216.7,1.89,0.1029,2.272,0.8223,6.6406,1.0555,11.361,2.922,4.999,True,True
7696-12-0,Tetramethrin,331.4,4.727,0.005,37.6,1.8504,70.8559,1.4398,27.5279,1.885,1.366,True,True
148-79-8,Thiabendazole,201.2,2.468,0.1382,0.0,-2.4826,0.0023,1.2085,16.1605,,,False,True
111988-49-9,Thiacloprid,252.7,0.9225,0.2857,2.574,0.2538,1.793,0.8255,6.6903,1.435,2.599,True,True
153719-23-4,Thiamethoxam,291.7,-0.1191,0.8286,0.0,0.3937,2.475,0.5493,3.5411,,,False,True
117718-60-2,Thiazopyr,396.4,3.889,0.01139,41.5,1.362,23.0125,1.5106,32.4007,1.803,1.281,True,True
51707-55-2,Thidiazuron,220.2,1.769,0.02837,0.0,-1.6085,0.0236,1.4125,25.8511,,,False,True
28249-77-6,Thiobencarb,257.8,3.4,1e-06,233.0,1.823,66.5337,2.1403,138.1339,3.502,1.687,False,True
23564-05-8,Thiophanate-methyl,342.4,1.4,0.427,2.469,1.5973,39.5608,0.841,6.9326,16.018,2.807,True,True
43121-43-3,Triadimefon,293.8,2.771,0.1142,14.59,-0.475,0.334,1.1349,13.6429,43.56,1.069,True,True
55219-65-3,Triadimenol,295.8,2.901,0.1258,0.0,-0.6666,0.2145,1.234,17.137,,,False,True
82097-50-5,Triasulfuron,401.8,1.102,0.02305,14.58,-0.098,0.797,0.9774,9.4921,18.272,1.536,True,True
78-48-8,Tribufos,314.5,5.7,0.06651,125.1,2.044,110.6536,1.4273,26.7503,1.13,4.676,True,True
55335-06-3,Triclopyr,256.5,2.516,0.02237,0.0,0.3862,2.4323,1.4296,26.8886,,,False,True
3380-34-5,Triclosan,289.5,4.762,0.00428,27.8,1.0004,10.0072,1.3295,21.3558,2.778,1.302,True,True
199119-58-9,Trifloxysulfuron-sodium,459.3,0.8201,0.00376,0.0,0.189,1.5442,1.0509,11.2433,,,False,True
68694-11-1,Triflumizole,345.8,1.404,0.00839,19.6,0.0755,1.1887,1.3427,22.0143,16.473,1.123,True,True
126535-15-7,Triflusulfuron-methyl,492.4,3.557,0.3292,14.47,0.3495,2.2354,1.0529,11.2934,6.471,1.281,True,True
131983-72-7,Triticonazole,317.8,3.293,0.1373,6.118,-0.5674,0.2697,1.1766,15.0173,22.599,2.454,True,True
50471-44-8,Vinclozolin,286.1,3.102,0.5936,18.34,1.0097,10.224,1.0726,11.8191,1.794,1.552,True,True
156052-68-5,Zoxamide,336.6,3.759,0.01031,0.0,1.5847,38.4298,1.5521,35.6497,,,False,True
101-54-2,"""n-phenyl-1,4-benzenediamine""",184.2,2.657,0.1434,15.59,0.4102,2.5708,1.2143,16.3799,6.063,1.051,True,True
101-61-1,"""4,4'-methylenebis(n,n-dimethylaniline)""",254.4,3.803,0.001109,18.85,1.4997,31.5999,1.6088,40.6288,1.676,2.155,True,True
101-80-4,"""4,4'-oxydianiline""",200.2,1.364,0.3284,0.0,0.8451,6.9984,1.0591,11.4573,,,False,True
101-86-0,2-benzylideneoctanal,216.3,4.339,0.009805,14.36,1.3835,24.1826,1.5501,35.4882,1.684,2.471,False,True
102-06-7,"""1,3-diphenylguanidine""",211.3,2.959,0.7844,0.0,0.4371,2.7348,1.2454,17.5951,,,False,True
102-27-2,N-ethyl-3-methylaniline,135.2,2.42,0.1414,13.12,0.9924,9.8246,1.3767,23.8058,1.335,1.814,True,True
1024-57-3,"""heptachlor epoxide, isomer b""",389.3,5.191,0.01068,0.0,1.3091,20.3737,1.3895,24.5162,,,False,True
103-23-1,Di(2-ethylhexyl)adipate,370.6,6.851,0.03861,13.56,1.6861,48.5407,1.218,16.5186,3.579,1.218,True,True
103-24-2,Azelaic acid di(2-ethylhexyl) ester,412.7,8.993,0.03126,3.152,1.6733,47.1309,0.9145,8.2122,14.948,2.605,True,True
103-90-2,Acetaminophen,151.2,0.4621,0.9398,0.3598,1.3389,21.8233,0.6867,4.8602,60.483,13.474,True,True
104-67-6,5-heptyldihydro-2(3h)-furanone,184.3,3.445,0.069,9.47,1.6007,39.8706,1.2627,18.3088,4.21,1.933,True,True
10540-29-1,Tamoxifen,371.5,6.235,0.00165,0.0,1.3845,24.2368,1.499,31.5525,,,False,True
105-99-7,Dibutyl hexanedioate,258.4,3.927,0.5872,14.03,1.8097,64.5234,1.1133,12.9798,4.598,1.081,True,True
10605-21-7,Methyl 1h-benzimidazol-2-ylcarbamate,191.2,1.519,0.4872,24.0,-0.9596,0.1087,0.987,9.7037,218.69,2.473,True,True
106-44-5,4-methylphenol,108.1,1.94,0.3259,39.66,1.4471,27.9973,1.3672,23.2894,1.417,1.703,True,True
106-65-0,Dimethyl succinate,146.1,0.3505,0.9999,364.4,2.1238,132.9947,0.9928,9.8336,2.74,37.053,True,True
107534-96-3,Tebuconazole,307.8,3.7,0.06601,5.278,-0.5787,0.2628,1.2459,17.6154,20.01,3.337,True,True
108-46-3,Resorcinol,110.1,0.8006,0.7448,14.48,1.339,21.8258,1.0502,11.2247,1.507,1.29,True,True
108-95-2,Phenol,94.11,1.462,0.6201,5.496,1.146,13.9953,0.2749,1.8823,2.546,2.919,False,True
110235-47-7,Mepanipyrim,223.3,3.279,0.03419,0.0,-0.7529,0.1756,1.5307,33.9348,,,False,True
110-26-9,"""n,n'-methylenebis(acrylamide)""",154.2,-0.6668,1.0,0.0,1.5186,33.0092,0.1706,1.4801,,,False,True
111-21-7,Triethylene glycol diacetate,234.2,0.5404,0.895,206.0,1.9875,97.1568,1.1332,13.5878,2.12,15.16,True,True
1119-40-0,Dimethyl glutarate,160.2,0.6217,0.6989,46.3,2.0759,119.0959,1.1696,14.7765,2.572,3.133,True,True
112-50-5,2-[2-(2-ethoxyethoxy)ethoxy]ethanol,178.2,0.03197,1.0,0.0,1.5575,36.1008,0.2516,1.7839,,,False,True
114-07-8,Erythromycin,733.9,3.06,0.5653,0.0,1.4768,29.9759,1.3048,20.1732,,,False,True
115-86-6,Triphenyl phosphate,326.3,4.589,0.002852,26.44,1.071,11.7755,1.6081,40.5569,2.245,1.534,True,True
117-84-0,Di-n-octyl phthalate,390.6,8.097,0.0233,0.0,1.5915,39.036,1.1109,12.908,,,False,True
119-61-9,Benzophenone,182.2,3.181,0.06543,9.134,1.147,14.0263,1.2627,18.3088,1.536,2.004,True,True
119-90-4,"3,3'-dimethoxybenzidine",244.3,1.813,0.3343,0.0,0.9665,9.2559,0.8835,7.6455,,,False,True
119-93-7,O-tolidine,212.3,2.34,0.1427,0.0,1.0425,11.0269,1.2361,17.2205,,,False,True
120-47-8,Ethylparaben,166.2,2.464,0.1057,57.24,1.6047,40.2388,1.3838,24.2007,1.422,2.365,True,True
120-71-8,P-cresidine,137.2,1.737,0.4043,19.53,1.2605,18.2166,1.22,16.5949,1.072,1.177,True,True
121-00-6,2-tert-butyl-4-methoxy-phenol,180.2,3.202,0.07217,7.06,1.4916,31.016,1.3668,23.2691,4.393,3.296,True,True
121-14-2,"""2,4-dinitrotoluene""",182.1,1.979,0.09602,0.0,1.1592,14.4271,1.3361,21.6803,,,False,True
123122-55-4,Candoxatril,515.6,3.856,0.2659,9.898,1.6406,43.7108,1.0319,10.7609,4.416,1.087,False,True
124-94-7,Triamcinolone,394.4,1.16,0.7348,2.492,1.4549,28.505,0.6958,4.9631,11.433,1.991,True,True
126-73-8,Tributyl phosphate,266.3,3.997,0.03481,0.0,1.6293,42.5888,1.3978,24.9909,,,False,True
127308-82-1,Zamifenacin,415.5,5.742,0.002114,17.11,1.2544,17.9612,1.2722,18.7153,1.05,1.094,True,True
128-39-2,"""2,6-di-tert-butylphenol""",206.3,4.92,0.01953,0.0,1.448,28.0512,1.282,19.1428,,,False,True
129-00-0,Pyrene,202.3,4.883,0.02415,6.18,0.7374,5.4613,1.1455,13.9775,1.132,2.262,True,True
131-17-9,Diallyl phthalate,246.3,3.229,0.9621,0.0,1.5441,35.0027,2.3652,231.829,,,False,True
13292-46-1,Rifampicin,823.0,3.085,0.04344,0.0,,,0.9409,8.7258,,,False,False
13311-84-7,Flutamide,276.2,3.35,0.03758,30.38,1.2774,18.9418,1.2525,17.8853,1.604,1.699,False,True
13674-87-8,"""tris(1,3-dichloro-2-propyl) phosphate (tdcpp)""",430.9,3.65,0.01078,5.092,1.7607,57.6413,1.3476,22.2628,11.317,4.371,True,True
139290-65-6,Volinanserin,373.5,3.106,0.5097,5.464,1.5012,31.7098,1.0816,12.0666,5.802,2.208,True,True
140-66-9,"""4-(1,1,3,3-tetramethylbutyl)phenol""",206.3,4.867,0.01902,26.98,1.4606,28.8809,1.282,19.1428,1.07,1.409,True,True
1445-75-6,Diisopropyl methylphosphonate (dimp),180.2,1.034,0.9727,0.0,1.6411,43.7563,0.8832,7.6405,,,False,True
145742-28-5,"""(2s,3s)-n-[2-methoxy-5-(trifluoromethoxy)benzyl]-2-phenylpiperidin-3-amine""",380.4,4.031,0.07996,0.0,1.4392,27.4911,1.1804,15.1492,,,False,True
147-24-0,Diphenhydramine hydrochloride,291.8,0.3888,0.4131,0.0,1.3014,20.0142,0.649,4.4557,,,False,True
148-24-3,8-hydroxyquinoline,145.2,2.019,0.1184,69.68,-0.1954,0.6367,1.4876,30.7307,109.273,2.267,True,True
150-68-5,Monuron,198.6,1.941,0.4551,3.086,1.3564,22.7202,0.8815,7.6109,7.36,2.466,True,True
15310-01-7,Benodanil,323.1,2.855,0.07513,21.4,1.0106,10.2453,1.1979,15.7714,2.088,1.357,True,True
1563-66-2,Carbofuran,221.3,1.974,0.4213,0.0,1.3492,22.3437,0.8798,7.5821,,,False,True
1806-26-4,4-octylphenol,206.3,5.187,0.005,15.65,1.4774,30.0168,1.2836,19.211,1.918,1.228,True,True
1843-05-6,2-hydroxy-4-(octyloxy)benzophenone,326.4,6.395,1e-06,807.0,1.3856,24.2987,1.928,84.7312,33.21,9.524,True,True
1861-32-1,Chlorthal-dimethyl,332.0,4.278,0.01666,38.62,1.7113,51.4408,1.5532,35.7444,1.332,1.08,True,True
1929-77-7,Vernolate,203.3,3.839,0.01906,25.1,2.0124,102.8919,1.6066,40.4166,4.099,1.61,True,True
2058-46-0,Oxytetracycline hydrochloride,496.9,-1.034,0.6283,0.0,1.5469,35.2318,1.0462,11.1207,,,False,True
205-99-2,Benzo[b]fluoranthene,252.3,5.779,0.01059,5.564,0.5321,3.4041,1.2037,15.9843,1.634,2.872,True,True
206-44-0,Fluoranthene,202.3,5.16,0.01409,8.064,0.591,3.8985,1.2155,16.4232,2.068,2.036,True,True
2104-64-5,O-ethyl o-(p-nitrophenyl) phenylphosphonothioate,323.3,4.776,0.01016,8.16,1.2656,18.4323,1.3076,20.3024,2.259,2.488,True,True
2243-62-1,"""1,5-diaminonaphthalene""",158.2,0.8928,0.6333,0.0,0.5348,3.4252,1.0906,12.3199,,,False,True
24602-86-6,Tridemorph,297.5,5.595,0.002679,12.91,1.5269,33.6428,1.4521,28.3225,2.606,2.194,True,True
2528-16-7,Benzyl hydrogen phthalate,256.3,2.93,0.0352,0.0,1.4438,27.7827,1.3604,22.9313,,,False,True
2634-33-5,"""1,2-benzisothiazolin-3-one""",151.2,0.8033,0.005,34.74,-0.098,0.7971,1.761,57.676,43.535,1.66,True,True
2921-88-2,Chlorpyrifos,350.6,4.959,0.007932,2.6,0.7095,5.122,1.4639,29.0984,1.97,11.188,True,True
298-02-2,Phorate,260.4,3.693,0.0129,0.0,2.23,169.8268,1.5702,37.1728,,,False,True
298-46-4,Carbamazepine,236.3,2.449,0.5141,2.375,0.7675,5.8543,0.8339,6.8206,2.464,2.871,True,True
30516-87-1,Azidothymidine,267.2,0.04963,0.914,2.414,-0.1911,0.643,0.4143,2.595,3.75,1.075,True,True
3147-75-9,Octrizole,323.4,4.018,0.0223,5.87,-0.6833,0.2064,1.4977,31.4571,28.315,5.358,True,True
35256-85-0,Butam,233.4,3.001,0.2267,9.846,1.6212,41.8058,1.057,11.4019,4.245,1.158,True,True
3739-38-6,3-phenoxybenzoic acid,214.2,3.906,0.00716,0.0,1.1686,14.7441,1.6802,47.8877,,,False,True
4291-63-8,2-chloro-2'-deoxyadenosine,285.7,0.01732,0.9848,0.0,-2.125,0.0065,0.4578,2.8682,,,False,True
446-72-0,Genistein,270.2,2.962,0.02426,18.69,1.0738,11.8505,1.5186,33.0054,1.577,1.766,True,True
484-17-3,9-phenanthrol,194.2,3.911,0.005435,20.98,0.7929,6.2056,1.6485,44.5142,3.38,2.122,True,True
50-29-3,"""p,p'-ddt""",354.5,6.91,1e-06,12.5,1.3086,20.3508,1.5308,33.9468,1.628,2.716,True,True
50-55-5,Reserpine,608.7,2.57,0.005994,0.0,1.3672,23.2889,1.2054,16.0455,,,False,True
50892-23-4,Pirinixic acid,323.8,2.067,0.005454,7.51,-0.0899,0.812,1.415,25.9995,9.238,3.462,True,True
51-28-5,"""2,4-dinitrophenol""",184.1,1.672,0.02723,0.0,1.1056,12.753,1.4197,26.2864,,,False,True
51-52-5,6-propyl-2-thiouracil,170.2,-0.3859,0.4736,1.323,0.4004,2.5132,0.4693,2.9454,1.899,2.225,True,True
527680-56-4,"""n-[(3r)-1-azabicyclo[2.2.2]oct-3-yl]-2,3-dihydro-1,4-benzodioxine-6-carboxamide""",288.3,1.835,1.0,3.688,,,0.7575,5.7205,,1.551,True,False
528-29-0,"""1,2-dinitrobenzene""",168.1,1.69,0.06949,24.2,0.9034,8.0045,1.3564,22.7165,3.023,1.065,True,True
52-86-8,Haloperidol,375.9,4.288,0.1784,5.062,1.383,24.1514,0.9182,8.2826,4.771,1.636,True,True
53-03-2,Prednisone,358.4,1.466,0.4818,9.09,1.547,35.237,0.8943,7.8392,3.876,1.16,True,True
534-52-1,"""2-methyl-4,6-dinitrophenol""",198.1,2.131,0.002637,0.0,1.211,16.2539,1.5755,37.6245,,,False,True
548-62-9,Hexamethyl-p-rosaniline chloride,408.0,0.9598,0.01384,8.322,1.2972,19.8231,1.0861,12.1903,2.382,1.465,True,True
55285-14-8,Carbosulfan,380.6,4.829,0.005,26.74,1.6865,48.587,1.5529,35.716,1.817,1.336,True,True
563-12-2,Ethion,384.5,5.066,1e-06,10.41,2.1957,156.9101,1.4927,31.0954,15.073,2.987,True,True
56-53-1,Diethylstilbestrol (des),268.4,5.067,0.00935,39.5,1.5573,36.0851,1.2346,17.1638,1.095,2.301,True,True
56-55-3,Benz[a]anthracene,228.3,5.602,0.01121,18.27,0.648,4.4452,1.2724,18.7218,4.109,1.025,True,True
57-41-0,Phenytoin,252.3,2.364,0.1624,0.8178,0.163,1.4544,1.0094,10.2185,1.778,12.481,True,True
576-26-1,"""2,6-dimethylphenol""",122.2,2.36,0.2086,20.52,1.5019,31.7622,1.4617,28.9492,1.548,1.411,True,True
57-83-0,Progesterone,314.5,3.871,0.02311,33.7,1.6544,45.1216,1.5084,32.2395,1.339,1.045,False,True
579-66-8,"""2,6-diethylaniline""",149.2,2.741,0.08962,16.13,1.4018,25.2206,1.472,29.6494,1.564,1.838,True,True
57-97-6,"""7,12-dimethylbenz(a)anthracene""",256.3,5.8,0.005,3.226,1.0347,10.8303,1.1892,15.458,3.357,4.791,True,True
58-08-2,Caffeine,194.2,-0.07099,1.0,0.2855,-0.3923,0.4042,0.1231,1.3268,1.414,4.635,True,True
58-14-0,Pyrimethamine,248.7,2.69,0.1177,2.768,-0.7952,0.1593,1.0924,12.3713,17.279,4.468,True,True
59756-60-4,Fluridone ,329.3,3.046,0.1378,5.594,0.8912,7.7827,1.0754,11.894,1.391,2.126,True,True
599-79-1,Sulfasalazine,398.4,2.425,0.004,5.16,0.3075,2.0292,1.1979,15.7709,2.542,3.056,True,True
60-09-3,4-aminoazobenzene,197.2,3.409,0.0171,15.7,-0.253,0.5575,1.6387,43.5159,28.114,2.772,True,True
60-57-1,Dieldrin,380.9,5.118,0.009376,0.0,1.3242,21.0926,1.5043,31.9364,,,False,True
606-20-2,"""2,6-dinitrotoluene""",182.1,2.098,0.131,34.64,1.2262,16.8351,1.3071,20.2827,2.058,1.708,True,True
63-05-8,Androstenedione,286.4,2.752,0.1744,25.92,1.6225,41.9257,1.153,14.2215,1.618,1.823,True,True
6344-67-8,3-hydroxyfluorene,182.2,3.189,0.02488,20.56,1.1102,12.8885,1.5307,33.9346,1.595,1.65,True,True
7173-51-5,Didecyl dimethyl ammonium chloride,362.1,2.683,0.005,0.0,1.4483,28.0756,1.4997,31.6009,,,False,True
72-20-8,Endrin,380.9,5.118,0.006423,0.0,1.3242,21.0926,1.4863,30.6416,,,False,True
72-54-8,"""p,p'-ddd""",320.0,6.129,0.03115,0.0,1.3148,20.6449,1.2472,17.6676,,,False,True
732-11-6,Phosmet,317.3,2.781,0.0477,23.82,1.7637,58.0318,1.2222,16.6779,2.436,1.428,True,True
75330-75-5,Lovastatin,404.5,4.258,0.01429,21.9,1.5719,37.3116,1.5836,38.33,1.704,1.75,False,True
77-09-8,Phenolphthalein,318.3,2.89,0.03116,47.4,0.9432,8.7726,1.3529,22.5387,5.402,2.103,True,True
77-40-7,Bisphenol b,242.3,3.765,0.01823,35.66,1.3369,21.7222,1.5649,36.721,1.642,1.03,False,True
789-02-6,"""o,p'-ddt""",354.5,6.923,1e-06,15.3,1.2563,18.0413,1.5308,33.9468,1.179,2.219,True,True
79902-63-9,Simvastatin,418.6,4.677,0.00398,24.3,1.5954,39.3908,1.3283,21.2962,1.621,1.141,True,True
80-46-6,4-(2-methylbutan-2-yl)phenol,164.2,3.491,0.005,20.96,1.397,24.9473,1.6866,48.5938,1.19,2.318,True,True
81-81-2,Warfarin,308.3,2.7,0.01327,0.0,1.2669,18.4866,1.4829,30.4022,,,False,True
838-88-0,"""4,4'-methylene bis(2-methylaniline)""",226.3,2.182,0.2257,3.984,1.2719,18.7002,1.0388,10.9326,4.693,2.744,True,True
85532-75-8,Pk 11195,352.9,4.793,0.01614,42.12,0.6339,4.3031,1.5052,32.0008,9.786,1.316,True,True
86-30-6,N-nitrosodiphenylamine,198.2,3.13,0.04368,8.288,0.372,2.3538,1.4564,28.5988,3.52,3.45,True,True
86386-73-4,Fluconazole ,306.3,0.5014,0.7109,1.832,-2.4516,0.0025,0.9105,8.1373,518.516,4.44,True,True
87-62-7,"""2,6-dimethylaniline""",121.2,1.839,0.4311,8.96,1.452,28.3141,1.0744,11.8667,3.16,1.324,True,True
87-86-5,Pentachlorophenol,266.3,5.119,0.05441,8.764,1.2134,16.3461,1.0328,10.7838,1.865,1.23,False,True
88-06-2,"""2,4,6-trichlorophenol""",197.4,3.691,0.01512,18.76,1.0423,11.021,1.6119,40.9139,1.702,2.181,True,True
88-85-7,Dinoseb,240.2,3.559,0.00043,0.0,1.2111,16.2588,1.6205,41.7376,,,False,True
90-04-0,2-anisidine,123.2,1.18,0.4532,0.0,1.0209,10.4914,1.256,18.0289,,,False,True
91-22-5,Quinoline,129.2,2.031,0.2036,38.6,-0.6431,0.2265,1.3871,24.382,169.707,1.583,True,True
91-53-2,Ethoxyquin,217.3,3.106,0.01069,15.16,0.914,8.2021,1.5785,37.8868,1.848,2.499,True,True
91-59-8,2-naphthylamine,143.2,2.281,0.1099,18.5,0.7085,5.1102,1.4419,27.6639,3.62,1.495,True,True
91-64-5,Coumarin,146.1,1.391,0.1922,0.0,0.7803,6.0288,1.3533,22.5557,,,False,True
92-87-5,Benzidine,184.2,1.34,0.1977,6.91,0.7577,5.7231,1.0561,11.3788,1.207,1.647,True,True
94-13-3,Propylparaben,180.2,3.036,0.07639,38.0,1.5938,39.2443,1.3668,23.2691,1.033,1.633,True,True
94-26-8,Butylparaben,194.2,3.565,0.0191,39.3,1.5888,38.7957,1.6066,40.4166,1.013,1.028,True,True
94-28-0,Tri(ethylene glycol) bis(2-ethylhexanoate),402.6,3.6,0.005,22.62,1.7105,51.3453,1.3983,25.0222,2.27,1.106,False,True
95-48-7,2-methylphenol,108.1,1.951,0.38,27.48,1.341,21.9275,1.2919,19.5831,1.253,1.403,True,True
95-95-4,"""2,4,5-trichlorophenol""",197.4,3.722,0.005322,26.24,1.007,10.1615,1.6192,41.6138,2.582,1.586,True,True
97-53-0,Eugenol,164.2,2.272,0.1922,103.6,1.4496,28.1597,1.3642,23.1302,3.679,4.479,True,True
97-54-1,Isoeugenol,164.2,3.035,0.005,71.78,1.3418,21.9661,1.6833,48.2281,3.267,1.488,True,True
98-54-4,4-tert-butylphenol,150.2,3.31,0.1052,26.8,1.4301,26.9201,1.4706,29.5509,1.004,1.103,True,True
98-95-3,Nitrobenzene,123.1,1.851,0.3844,8.168,0.9103,8.1324,1.2544,17.9622,1.004,2.199,True,True
99-08-1,3-nitrotoluene,137.1,2.449,0.07728,16.82,1.1687,14.7449,1.4419,27.6639,1.141,1.645,True,True
99-59-2,2-methoxy-5-nitroaniline,168.2,1.471,0.3359,12.03,1.0162,10.3781,1.2064,16.0824,1.159,1.337,True,True
99-71-8,4-(butan-2-yl)phenol,150.2,3.083,0.0608,19.03,1.4153,26.0208,1.6279,42.4546,1.367,2.231,True,True
99-76-3,Methylparaben,152.1,1.958,0.07056,107.5,1.6544,45.1187,1.5748,37.5642,2.382,2.862,True,True
99-99-0,4-nitrotoluene,137.1,2.371,0.0679,19.32,1.2057,16.059,1.576,37.6718,1.203,1.95,True,True
33286-22-5,Diltiazem hydrochloride,451.0,1.746,0.22,23.48,1.4925,31.0783,0.6346,4.3101,1.324,5.447,True,True
50-02-2,Dexamethasone,392.5,1.92,0.32,1.791,1.4674,29.3333,0.7324,5.3995,16.371,3.014,True,True
15307-86-5,Diclofenac,296.2,4.52,0.005,65.42,0.8035,6.3594,1.7368,54.5532,10.285,1.199,True,True
15687-27-1,Ibuprofen,206.3,3.735,0.01,10.12,1.5372,34.4462,1.581,38.1093,3.404,3.765,True,True
64-77-7,Tolbutamide,270.4,2.339,0.04,1.324,1.5988,39.7039,1.1241,13.3074,29.963,10.044,True,True
22204-53-1,Naproxen,230.3,3.18,0.002,26.48,1.333,21.5253,1.6056,40.3231,1.23,1.523,True,True
29122-68-7,Atenolol,266.3,0.1596,0.94,1.986,1.4166,26.0954,0.3945,2.4793,13.134,1.248,True,True
15307-79-6,Diclofenac sodium,318.1,0.7004,0.004131,38.84,1.1264,13.3765,1.4121,25.8299,2.903,1.504,False,True
50-78-2,Aspirin,180.2,1.193,0.532,0.0,1.6069,40.4508,1.118,13.1206,,,False,True
36505-84-7,Buspirone,385.5,2.629,0.05,7.66,0.3371,2.1722,1.0208,10.4905,3.525,1.369,True,True
51384-51-1,Metoprolol,267.4,1.881,0.883,6.231,1.3334,21.5455,0.8406,6.9271,3.458,1.112,True,True
60-80-0,Antipyrine,188.2,0.3107,0.97,0.5062,0.467,2.9301,0.2295,1.6951,5.779,3.344,True,True
62-44-2,Phenacetin,179.2,1.58,0.6,9.346,1.3157,20.6865,0.9448,8.8044,2.213,1.062,True,True
54-31-9,Furosemide,330.7,2.029,0.012,0.0,1.2094,16.194,1.4336,27.1357,,,False,True
58-55-9,Theophylline,180.2,-0.02058,0.61,0.7788,-1.1859,0.0642,0.4658,2.9216,11.964,3.748,True,True
604-75-1,Oxazepam,286.7,2.239,0.04,3.271,0.4703,2.9523,1.1166,13.0795,1.108,3.998,True,True
15676-16-1,Sulpiride,341.4,0.5712,1.0,0.0,1.6444,44.095,1.0074,10.1715,,,False,True
83-43-2,Methylprednisolone,374.5,1.721,0.23,5.452,1.4775,30.0252,0.8121,6.4871,5.506,1.19,False,True
50-24-8,Prednisolone,360.4,1.62,0.25,5.841,1.4879,30.7526,0.7805,6.0312,5.264,1.033,True,True
97322-87-7,Troglitazone,441.5,4.36,0.000941,21.85,1.6081,40.5587,1.4986,31.52,1.856,1.443,True,True
59865-13-3,Cyclosporin a,1203.0,2.92,1e-06,8.591,1.5786,37.8943,1.0835,12.1197,4.411,1.411,True,True
57-63-6,Ethinylestradiol,296.4,3.669,0.014,0.0,1.4263,26.6884,1.5627,36.5363,,,False,True
76824-35-6,Famotidine,337.4,-0.6389,0.84,0.0,1.1287,13.4483,1.2314,17.035,,,False,True
73590-58-6,Omeprazole,345.4,2.231,0.16,3.271,0.3785,2.3894,0.9536,8.9865,1.369,2.747,False,True
2078-54-8,Propofol,178.3,3.791,0.016,107.0,1.4269,26.7223,1.6881,48.76,4.004,2.194,True,True
111406-87-2,Zileuton,236.3,0.1828,0.07,2.298,1.3377,21.762,0.9075,8.0805,9.466,3.515,True,True
76-57-3,Codeine,299.4,1.14,1.0,24.53,1.3812,24.0564,0.7684,5.8652,1.02,4.182,True,True
66357-35-5,Ranitidine,314.4,0.2691,0.95,1.324,1.5562,35.991,0.4472,2.7994,27.163,2.113,True,True
58-15-1,Aminopyrine,231.3,0.9955,1.0,4.1,0.9233,8.3798,0.8053,6.3859,2.044,1.557,True,True
65277-42-1,Ketoconazole,531.4,4.348,0.062,55.0,0.554,3.58,1.3012,20.0081,15.359,2.749,True,True
321-64-2,Tacrine,198.3,2.707,1.0,1000.0,0.3984,2.5019,2.2148,163.9839,399.577,6.098,True,True
20830-75-5,Digoxin,780.9,1.263,0.7,0.0,1.4461,27.931,0.6007,3.9862,,,False,True
59-05-2,Methotrexate,454.4,-1.847,0.432,0.0,-0.67,0.2128,1.0916,12.3475,,,False,True
54-11-5,Nicotine,162.2,1.171,0.406,4.44,0.2646,1.838,1.1379,13.7363,2.415,3.093,False,True
60-54-8,Tetracycline,444.4,-1.295,0.468,0.0,1.6305,42.7041,1.078,11.9674,,,False,True
99-66-1,Valproic acid,144.2,2.748,0.214,0.4366,1.5674,36.9287,1.1905,15.504,84.396,35.432,True,True
55-98-1,Busulphan,246.3,-0.5186,1.0,1.39,2.1462,140.0177,0.5081,3.2206,100.664,2.316,True,True
305-03-3,Chlorambucil,304.2,1.707,0.01,44.0,1.5596,36.2739,1.3431,22.0358,1.213,1.997,True,True
56-75-7,Chloramphenicol,323.1,1.139,0.34,0.723,1.3758,23.7587,0.7709,5.9,32.814,8.151,True,True
85721-33-1,Ciprofloxacin,331.3,0.2801,0.7,4.17,0.8927,7.8104,0.5937,3.923,1.873,1.063,True,True
64-86-8,Colchicine,399.4,1.3,0.61,0.698,1.5312,33.9804,0.6787,4.7705,48.61,6.826,True,True
80-08-0,Dapsone,248.3,0.9717,0.295,0.0,1.1611,14.4899,0.8255,6.6903,,,False,True
69655-05-6,Didanosine,236.2,-1.238,0.951,0.0,-1.8582,0.0129,0.9188,8.2928,,,False,True
89-25-8,Edaravone,174.2,1.783,0.89,2.0,0.6261,4.227,0.886,7.6904,2.113,3.844,True,True
50-28-2,Estradiol,272.4,3.909,4.95e-06,56.9,1.453,28.3798,1.5952,39.3678,2.005,1.445,True,True
98319-26-7,Finasteride,372.6,3.03,0.095,4.5,1.4421,27.6727,1.1667,14.677,6.149,3.261,True,True
2321-07-5,Fluorescein,332.3,2.531,0.151,0.0,0.7768,5.9805,1.0078,10.1801,,,False,True
29094-61-9,Glipizide,445.5,1.91,0.02,1.597,0.7753,5.9601,0.8789,7.5659,3.73,4.735,True,True
10238-21-8,Glyburide,494.0,1.786,0.021,6.62,1.5278,33.7149,0.8177,6.5705,5.092,1.008,True,True
53-86-1,Indomethacin,357.8,4.267,0.0103,9.35,1.2657,18.4347,1.5268,33.6351,1.972,3.597,True,True
54-85-3,Isoniazide,137.1,-0.6985,1.0,1.11,-0.2099,0.6158,0.1186,1.3129,1.801,1.183,True,True
797-63-7,Levonorgestrel,312.5,3.067,0.0369,9.89,1.5136,32.6256,1.2332,17.1087,3.299,1.73,True,True
73-31-4,Melatonin,232.3,0.6118,0.498,0.0,0.8626,7.2862,0.8523,7.1157,,,False,True
443-48-1,Metronidazole,171.2,-0.02363,0.96,3.0,-0.0785,0.8336,0.291,1.9532,3.596,1.536,True,True
84371-65-3,Mifepristone,429.6,4.814,0.0167,33.2,1.5907,38.9642,1.2721,18.7085,1.174,1.775,True,True
67-20-9,Nitrofurantoin,238.2,-0.4691,0.415,0.0,0.3524,2.2504,0.7126,5.1585,,,False,True
57-47-6,Physostigmine,275.4,1.58,0.64,1.64,1.3182,20.804,0.7204,5.2518,12.679,3.201,True,True
117-39-5,Quercetin,302.2,1.24,0.0176,75.2,1.1724,14.8724,1.3724,23.5716,5.056,3.19,False,True
50-35-1,Thalidomide,258.2,0.3288,0.4,4.0,1.3019,20.0371,0.6267,4.2327,5.009,1.058,True,True
134308-13-7,Tolcapone,273.2,2.798,0.0133,22.0,1.398,25.0049,1.5201,33.1206,1.136,1.505,True,True
76-25-5,Triamcinolone acetonide,434.5,2.531,0.2,9.0,1.4911,30.9772,0.8326,6.8003,3.442,1.323,True,True
396-01-0,Triamterene,253.3,0.9803,0.333,0.0,-2.8568,0.0004,0.7847,6.0908,,,False,True
70-30-4,Hexachlorophene,406.9,7.538,1e-06,0.0,1.2235,16.7284,1.1805,15.1526,,,False,True
125-84-8,Aminoglutethimide,232.3,-1.471,0.563,0.723,1.1215,13.2275,1.0246,10.5824,18.271,14.618,False,True
54-62-6,Aminopterin,440.4,-0.05046,0.75,0.0,-0.9133,0.1211,0.4488,2.8097,,,False,True
66-81-9,Cycloheximide,281.4,0.5478,0.629,1.74,1.5037,31.8912,0.8531,7.1299,18.319,4.096,True,True
84-66-2,Diethylphthalate,222.2,2.444,0.19,42.5,1.6316,42.8187,1.115,13.0303,1.007,3.261,True,True
39515-41-8,Fenpropathrin,349.4,5.698,0.00458,19.7,1.3425,22.0022,1.5057,32.0359,1.117,1.626,True,True
67614-33-9,Fenvalerate,419.9,6.2,0.005,0.766,1.3042,20.1433,0.93,8.5107,26.267,11.097,True,True
77-06-5,Gibberellic_acid,346.4,0.2422,0.24,0.0,1.4698,29.4994,0.5957,3.9409,,,False,True
389-08-2,Nalidixic_acid,232.2,1.59,0.749,1.1,0.5135,3.2612,0.7133,5.1669,2.963,4.694,True,True
57-24-9,Strychnine,334.4,1.929,0.457,2.0,1.2293,16.9536,0.7433,5.5357,8.473,2.767,True,True
84-74-2,Dibutylphthalate,278.3,4.609,0.028,42.5,1.604,40.1818,1.565,36.7238,1.058,1.157,True,True
25812-30-0,Gemfibrozil,250.3,4.431,0.03,52.18,1.6258,42.249,1.5345,34.233,1.235,1.524,True,True
58-93-5,Hydrochlorothiazide,297.7,-0.07002,0.274,0.0,0.9233,8.3792,0.5186,3.2997,,,False,True
608-73-1,"1,2,3,4,5,6-hexachlorocyclohexane",290.8,3.719,0.0174,0.0,1.5787,37.9017,1.5928,39.1545,,,False,True
99-65-0,"1,3-dinitrobenzene",168.1,1.492,0.391,0.0,0.9374,8.656,1.2921,19.5909,,,False,True
486-66-8,Daidzein,254.2,3.243,0.0553,15.4,0.98,9.549,1.2637,18.3533,1.613,1.192,True,True
54965-24-1,Tamoxifen citrate,563.6,0.8373,0.0012,0.0,1.4886,30.8051,1.1126,12.96,,,False,True
84-16-2,Meso-hexestrol,270.4,4.274,0.00772,0.0,1.4215,26.3908,1.5746,37.5499,,,False,True
59-50-7,4-chloro-3-methylphenol,142.6,3.091,0.0723,0.0,1.3755,23.7397,1.4403,27.5589,,,False,True
53-16-7,Estrone,270.4,3.132,0.0308,0.0,1.5457,35.1325,1.462,28.9735,,,False,True
520-18-3,Kaempferol,286.2,2.158,0.02973,95.7,1.1499,14.12,1.3615,22.9862,6.777,4.163,True,True
17924-92-4,Zearalenone,318.4,3.745,0.004899,209.0,1.5449,35.0687,1.5701,37.1613,5.96,5.624,True,True
521-18-6,5alpha-dihydrotestosterone,290.4,3.551,0.0313,70.7,1.5253,33.5223,1.3903,24.563,2.109,2.878,True,True
520-36-5,Apigenin,270.2,3.02,9.57e-05,138.0,1.0321,10.7666,1.5832,38.298,12.817,3.603,True,True
512-56-1,Trimethyl phosphate,140.1,-0.6486,1.084,3.43,1.8793,75.7343,0.2256,1.6802,22.074,2.041,True,True
500-38-9,Nordihydroguaiaretic acid,302.4,3.091,1e-06,270.0,1.4305,26.9459,2.0933,123.9554,10.02,2.178,True,True
2467-02-9,"2,2'-bisphenol f",200.2,3.4,0.041,83.5,1.2999,19.947,1.5345,34.2393,4.186,2.439,False,True
5153-25-3,2-ethylhexylparaben,250.3,4.101,0.01318,128.0,1.5486,35.3675,1.5702,37.1728,3.619,3.443,True,True
105-60-2,Caprolactam,113.2,-1.193,0.761,0.0,1.5064,32.0947,0.8905,7.7712,,,False,True
93-76-5,"2,4,5-trichlorophenoxyacetic acid",255.5,3.31,0.0127,0.0,1.1709,14.8202,1.567,36.8931,,,False,True
105512-06-9,Clodinafop-propargyl,349.7,3.899,0.0148,1010.0,0.7895,6.1573,1.5821,38.2043,163.992,26.436,True,True
131-56-6,"2,4-dihydroxybenzophenone",214.2,2.595,0.0113,39.3,1.3311,21.4345,1.5976,39.5885,1.834,1.007,True,True
68-22-4,Norethindrone,298.4,2.97,0.0516,0.0,1.519,33.0363,1.2222,16.6779,,,False,True
58-18-4,17-methyltestosterone,302.5,3.361,0.0329,12.7,1.5176,32.9308,1.245,17.579,2.593,1.384,True,True
80-09-1,"4,4'-sulfonyldiphenol",250.3,-0.1034,0.0576,0.0,1.4983,31.4964,0.941,8.7295,,,False,True
115-96-8,Tris(2-chloroethyl) phosphate,285.5,1.441,0.44,0.0,1.8106,64.6465,0.8808,7.5983,,,False,True
94-18-8,Benzylparaben,228.2,3.556,0.00674,633.0,1.4409,27.5975,1.6273,42.3923,22.935,14.932,True,True
791-28-6,Triphenylphosphine oxide,278.3,2.835,0.101,0.0,0.8451,6.9997,1.1687,14.7443,,,False,True
23513-14-6,(6)-gingerol,294.4,3.431,0.141,146.0,1.5607,36.3659,1.187,15.3822,4.015,9.491,False,True
15619-48-4,1-benzylquinolinium chloride,255.8,0.4384,0.599,7.31,0.4473,2.8001,0.6723,4.7014,2.61,1.555,True,True
2687-96-9,1-dodecyl-2-pyrrolidinone,253.4,4.203,0.0125,19.1,1.6325,42.9078,1.5702,37.1728,2.246,1.946,True,True
90-15-3,1-naphthol,144.2,2.85,0.0682,0.0,0.961,9.141,1.5309,33.9507,,,False,True
83-41-0,"1,2-dimethyl-3-nitrobenzene",151.2,2.83,1e-06,523.0,1.4028,25.2799,1.3804,24.0071,20.687,21.784,True,True
95-14-7,"1,2,3-benzotriazole",119.1,1.439,0.287,0.0,-3.627,0.0,1.2507,17.8107,,,False,True
14233-37-5,"1,4-bis(n-isopropylamino)anthraquinone",322.4,3.459,0.00728,0.0,1.011,10.2557,1.6348,43.1301,,,False,True
57-91-0,17alpha-estradiol,272.4,3.909,3.98e-05,55.6,1.453,28.3798,1.5952,39.3678,1.959,1.412,True,True
10161-33-8,17beta-trenbolone,270.4,2.948,0.0999,37.4,1.5684,37.0131,1.2161,16.4452,1.01,2.274,True,True
15086-94-9,"2',4',5',7'-tetrabromofluorescein",647.9,5.861,0.003,0.0,1.0086,10.1983,1.113,12.9712,,,False,True
2467-03-0,2-(4-hydroxybenzyl)phenol,200.2,3.15,0.0426,56.8,1.3605,22.9352,1.5239,33.4077,2.477,1.7,True,True
21564-17-0,2-(thiocyanomethylthio)benzothiazole,238.3,3.299,0.331,0.0,0.8568,7.1908,0.9562,9.0404,,,False,True
5809-23-4,2-[4-(diethylamino)-2-hydroxybenzoyl]benzoic acid,313.4,3.279,0.00517,2.0,1.4314,27.0037,1.5668,36.8817,13.494,18.432,False,True
97-56-3,2-amino-5-azotoluene,225.3,3.783,0.00696,6.89,0.2187,1.6538,1.5863,38.5725,4.165,5.598,True,True
117-79-3,2-aminoanthraquinone,223.2,3.307,0.0305,30.8,1.0326,10.7779,1.5707,37.2129,2.857,1.208,True,True
92-04-6,2-chloro-4-phenylphenol,204.6,4.165,1e-06,0.0,0.9436,8.7809,2.0029,100.6739,,,False,True
587-65-5,2-chloro-n-phenylacetamide,169.6,1.63,0.401,38.9,1.1642,14.594,1.2152,16.4111,2.665,2.37,True,True
4940-11-8,2-ethyl-3-hydroxy-4h-pyran-4-one,140.1,0.6281,0.606,81.0,1.336,21.6752,1.193,15.5959,3.737,5.193,True,True
131-57-7,2-hydroxy-4-methoxybenzophenone,228.2,3.785,0.00952,15.7,1.3575,22.7737,1.5593,36.2477,1.451,2.309,True,True
583-39-1,2-mercaptobenzimidazole,150.2,1.66,0.4,0.0,-0.7528,0.1757,1.2971,19.8196,,,False,True
149-30-4,2-mercaptobenzothiazole,167.2,2.418,0.0215,37.3,0.4927,3.1087,1.6571,45.4065,11.996,1.217,True,True
2785-87-7,2-methoxy-4-propylphenol,166.2,2.648,0.0707,24.6,1.5043,31.9354,1.3874,24.4022,1.298,1.008,True,True
90-05-1,2-methoxyphenol,124.1,1.32,0.569,44.9,1.3325,21.5009,1.1652,14.6274,2.088,3.069,True,True
95-53-4,2-methylaniline,107.2,1.322,0.713,0.0,1.0882,12.2498,0.9868,9.7006,,,False,True
96-70-8,2-tert-butyl-4-ethylphenol,178.3,3.812,0.0454,102.0,1.501,31.6921,1.626,42.269,3.218,2.413,True,True
2409-55-4,2-tert-butyl-4-methylphenol,164.2,3.433,0.0272,20.9,1.5158,32.7916,1.672,46.9836,1.569,2.248,True,True
88-60-8,2-tert-butyl-5-methylphenol,164.2,3.343,0.0264,36.0,1.4943,31.2123,1.672,46.9836,1.153,1.305,True,True
88-18-6,2-tert-butylphenol,150.2,3.31,0.000115,59.7,1.3465,22.2048,1.8082,64.2968,2.688,1.077,True,True
119-47-1,"2,2'-methylenebis(4-methyl-6-tert-butylphenol)",340.5,6.251,1e-06,22.4,1.5551,35.8982,1.7652,58.2356,1.603,2.6,False,True
88-24-4,"2,2'-methylenebis(ethyl-6-tert-butylphenol)",368.6,7.47,0.00513,0.0,1.539,34.5936,1.3473,22.2489,,,False,True
131-55-5,"2,2',4,4'-tetrahydroxybenzophenone",246.2,2.598,0.0354,19.2,1.4744,29.8129,1.2827,19.1705,1.553,1.002,True,True
79-95-8,"2,2',6,6'-tetrachlorobisphenol a",366.1,7.151,0.00598,18.7,1.1735,14.9089,1.3473,22.2489,1.254,1.19,True,True
6846-50-0,"2,2,4-trimethyl-1,3-pentanediol diisobutyrate",286.4,4.777,1e-06,9.95,1.7575,57.2148,1.6754,47.3609,5.75,4.76,True,True
1563-38-8,"2,3-dihydro-2,2-dimethyl-7-benzofuranol",164.2,2.083,0.364,0.0,1.2805,19.0771,1.1383,13.7476,,,False,True
1143-72-2,"2,3,4-trihydroxbenzophenone",230.2,2.833,0.0185,94.1,1.353,22.5416,1.5329,34.1094,4.174,2.759,True,True
2416-94-6,"2,3,6-trimethylphenol",136.2,2.671,0.0908,106.0,1.6528,44.9569,1.4391,27.4829,2.358,3.857,True,True
96-76-4,"2,4-di-tert-butylphenol",206.3,5.186,0.144,2.52,1.4735,29.7472,0.7858,6.1053,11.801,2.422,True,True
1470-79-7,"2,4,4'-trihydroxybenzophenone",230.2,2.707,0.0196,21.1,1.4575,28.6741,1.4904,30.9318,1.359,1.466,True,True
527-60-6,"2,4,6-trimethylphenol",136.2,2.729,0.109,163.0,1.5791,37.9365,1.4264,26.6904,4.296,6.107,True,True
79-74-3,"2,5-bis(2-methylbutan-2-yl)benzene-1,4-diol",250.4,4.911,0.0166,11.4,1.4733,29.7387,1.2404,17.3924,2.608,1.526,True,True
88-58-4,"2,5-di-tert-butylbenzene-1,4-diol",222.3,4.59,1e-06,117.0,1.5223,33.29,2.089,122.7344,3.515,1.049,True,True
3855-32-1,"2,6,10-trimethyl-2,6,10-triazaundecane",201.4,0.2133,0.0383,0.0,1.9624,91.7084,1.1569,14.3511,,,False,True
95-74-9,3-chloro-4-methylaniline,141.6,1.926,0.145,65.3,1.0737,11.8497,1.3893,24.5065,5.511,2.665,True,True
99-07-0,3-dimethylaminophenol,137.2,1.561,0.242,0.0,1.4577,28.6874,1.3661,23.2331,,,False,True
55406-53-6,3-iodo-2-propynyl-n-butylcarbamate,281.1,2.091,0.719,486.0,1.8309,67.7443,1.2803,19.0689,7.174,25.485,True,True
618-45-1,3-isopropylphenol,136.2,3.015,0.14,19.9,1.3831,24.1604,1.4162,26.0747,1.214,1.31,True,True
108-44-1,3-methylaniline,107.2,1.4,0.549,32.9,1.07,11.7488,1.0755,11.8979,2.8,2.765,True,True
585-34-2,3-tert-butylphenol,150.2,3.301,0.116,40.2,1.3935,24.7459,1.552,35.6441,1.625,1.128,True,True
20325-40-0,"3,3'-dimethoxybenzidine dihydrochloride",317.2,-0.2588,0.201,0.0,0.8915,7.7879,0.6904,4.9015,,,False,True
612-82-8,"3,3'-dimethylbenzidine dihydrochloride",285.2,-0.9007,0.115,25.4,0.9448,8.8054,1.4463,27.9438,2.884,1.1,True,True
79-94-7,"3,3',5,5'-tetrabromobisphenol a",543.9,6.663,0.00107,50.5,1.4353,27.2438,1.1443,13.9388,1.854,3.623,True,True
99-54-7,"3,4-dichloronitrobenzene",192.0,3.119,1e-06,387.0,0.8857,7.685,2.1343,136.2242,50.351,2.841,False,True
626-43-7,"3,5-dichloroaniline",162.0,2.899,0.0522,86.1,0.7351,5.4322,1.5831,38.2917,15.846,2.248,True,True
1154-59-2,"3,5-dichlorosalicyl-3,4-dichloroanullide",351.0,5.109,1e-06,0.0,0.978,9.5051,1.6191,41.5988,,,False,True
6893-02-3,"3,5,3'-triiodothyronine",651.0,3.769,3.46e-05,0.0,1.4259,26.6584,1.4057,25.4519,,,False,True
10081-67-1,4-(2-phenylpropan-2-yl)-n-[4-(2-phenylpropan-2-yl)phenyl]aniline,405.6,9.246,1e-06,0.0,0.9158,8.2367,1.1805,15.1526,,,False,True
18979-55-0,4-(hexyloxy)phenol,194.3,3.355,0.00077,83.6,1.4328,27.0872,1.6589,45.5925,3.086,1.834,True,True
150-13-0,4-aminobenzoic acid,137.1,0.8241,0.766,0.0,1.2181,16.5218,1.0948,12.4372,,,False,True
122-37-2,4-anilinophenol,185.2,2.822,0.0582,75.1,0.6147,4.1171,1.2486,17.7251,18.237,4.237,True,True
104-13-2,4-butylaniline,149.2,3.048,0.0599,26.4,1.2062,16.0749,1.6279,42.4546,1.642,1.608,True,True
4344-55-2,4-butyloxyaniline,165.2,1.459,0.165,28.4,1.1733,14.9027,1.3187,20.8313,1.906,1.363,True,True
1638-22-8,4-butylphenol,150.2,3.647,0.0358,127.0,1.4482,28.064,1.7572,57.1714,4.525,2.221,True,True
95-83-0,"4-chloro-1,2-diaminobenzene",142.6,1.277,0.373,31.6,0.627,4.2359,1.2427,17.4842,7.459,1.807,True,True
106-47-8,4-chloroanulline,127.6,1.832,0.264,0.0,0.8672,7.3648,1.3541,22.5986,,,False,True
599-64-4,4-cumylphenol,212.3,3.691,0.0231,27.2,1.2297,16.9689,1.6616,45.8724,1.603,1.686,True,True
156-43-4,4-ethoxyaniline,137.2,1.238,0.485,13.8,1.1074,12.8034,1.2223,16.6834,1.078,1.209,True,True
1987-50-4,4-heptylphenol,192.3,4.028,0.00365,42.5,1.4713,29.6001,1.6192,41.6138,1.436,1.021,True,True
33228-45-4,4-hexylanilline,177.3,4.207,0.00695,440.0,1.2595,18.1769,1.6735,47.1546,24.208,9.331,True,True
39905-57-2,4-hexyloxyanilline,193.3,3.635,0.0252,79.3,1.2282,16.9119,1.5976,39.5897,4.689,2.003,True,True
121-33-5,4-hydroxy-3-methoxybenzaldehyde,152.1,1.193,0.322,234.0,1.4747,29.834,1.3825,24.127,7.844,9.698,True,True
68392-35-8,4-hydroxytamoxifen,387.5,5.454,0.0153,16.0,1.4568,28.6276,1.411,25.7622,1.789,1.61,True,True
134-84-9,4-methylbenzophenone,196.2,3.306,0.0188,118.0,1.3276,21.2596,1.6387,43.5159,5.55,2.712,True,True
100-02-7,4-nitrophenol,139.1,1.912,0.141,14.0,1.168,14.7212,1.3721,23.5553,1.052,1.682,True,True
156-10-5,4-nitrosodiphenylamine,198.2,3.043,0.123,839.0,0.3128,2.0541,1.4086,25.6231,408.284,32.743,True,True
84852-15-3,"4-nonylphenol, branched",220.2,5.034,1e-06,104.0,1.4578,28.6947,1.7113,51.4425,3.624,2.022,True,True
33228-44-3,4-pentylaniline,163.3,3.39,0.0234,18.2,1.2342,17.1474,1.672,46.9836,1.061,2.581,True,True
2696-84-6,4-propylanilline,135.2,2.4,0.136,17.3,1.1742,14.935,1.3903,24.5631,1.158,1.42,True,True
769-92-6,4-tert-butylaniline,149.2,2.7,0.155,10.7,1.169,14.7578,1.4465,27.9579,1.379,2.613,False,True
3236-71-3,"4,4'-(9h-fluorene-9,9-diyl)diphenol",350.4,3.674,1e-06,22.4,0.7641,5.8084,1.6617,45.8913,3.856,2.049,True,True
13080-86-9,"4,4'-(isopropylidenebis(4,1-phenyleneoxy))dianiline",410.5,6.357,1e-06,0.0,1.0067,10.1535,1.0828,12.1004,,,False,True
13680-35-8,"4,4'-methylenebis(2,6-diethylaniline)",310.5,5.139,0.00874,8.2,1.4752,29.8653,1.2757,18.8661,3.642,2.301,True,True
101-77-9,"4,4'-methylenedianiline",198.3,1.589,0.261,3.37,1.0647,11.6044,0.9459,8.8279,3.443,2.619,True,True
27955-94-8,"4,4',4''-ethane-1,1,1-triyltriphenol",306.4,3.301,0.0141,30.8,1.2814,19.1152,1.5595,36.2614,1.611,1.177,True,True
2835-95-2,5-amino-2-methylphenol,123.2,0.7676,0.604,16.0,1.209,16.18,1.166,14.6528,1.011,1.092,True,True
105624-86-0,5hpp-33,323.4,4.28,0.0415,47.0,,,1.266,18.4479,,2.548,True,False
154-42-7,6-thioguanine,167.2,-0.06896,0.804,0.0,-3.5245,0.0,0.5031,3.1841,,,False,True
98-86-2,Acetophenone,120.2,1.582,0.326,0.0,1.4512,28.2621,1.3275,21.2549,,,False,True
77-90-7,Acetyl tributyl citrate,402.5,4.366,0.00942,261.0,1.9171,82.6205,1.6341,43.0609,3.159,6.061,True,True
135158-54-2,Acibenzolar-s-methyl,210.3,3.098,0.0232,863.0,-0.9055,0.1233,1.6583,45.5273,6942.427,18.955,True,True
25316-40-9,Adriamycin hydrochloride,580.0,1.473,0.157,0.0,1.4359,27.2819,0.7251,5.3086,,,False,True
1646-88-4,Aldoxycarb,222.3,-0.5679,0.948,0.0,1.7915,61.8714,0.5758,3.7646,,,False,True
25956-17-6,Allura red c.i.16035,496.4,2.328,0.0137,0.0,1.1238,13.2969,1.1181,13.1228,,,False,True
19774-82-4,Amiodarone hydrochloride,681.8,2.244,1e-06,4.537,1.3326,21.5072,0.9003,7.9481,4.74,1.752,True,True
41372-20-7,Apomorphine hydrochloride hydrate,625.6,0.1058,0.0723,17.4,,,0.7788,6.0085,,2.896,True,False
3337-71-1,Asulam,230.2,-0.2672,0.456,0.0,1.5586,36.1907,0.659,4.5589,,,False,True
2465-27-2,Auramine hydrochloride,303.8,0.5336,0.107,8.66,1.2354,17.1924,1.0857,12.1812,1.985,1.407,True,True
35575-96-3,Azamethiphos,324.7,1.05,0.553,429.0,0.333,2.1516,1.0507,11.2377,199.278,38.172,True,True
446-86-6,Azathioprine,277.3,0.101,0.32,0.0,-2.84,0.0004,0.5443,3.5009,,,False,True
2390-60-5,Basic blue 7,514.2,2.876,1e-06,3.21,0.9901,9.7745,1.2226,16.6936,3.044,5.199,True,True
94-09-7,Benzocaine,165.2,1.86,0.338,132.0,1.3674,23.2999,1.2262,16.8334,5.665,7.841,True,True
118-58-1,Benzyl salicylate,228.2,3.106,1e-06,841.0,1.3801,23.9939,2.191,155.2381,35.051,5.417,True,True
253450-09-8,Besonprodil,402.5,4.239,0.0385,5.31,1.0833,12.1128,1.3029,20.0861,2.281,3.782,True,True
90357-06-5,Bicalutamide,430.4,3.477,0.0323,0.0,1.3508,22.4296,1.135,13.6454,,,False,True
491-80-5,Biochanin a,284.3,3.138,0.0203,230.0,1.0943,12.4227,1.5895,38.8599,18.511,5.919,True,True
33171-05-0,Bisdemethoxycurcumin,308.3,3.242,1e-06,112.0,1.5432,34.9276,2.092,123.5862,3.206,1.103,True,True
1478-61-1,Bisphenol af,336.2,4.017,0.00685,125.0,1.4629,29.0303,1.5762,37.683,4.305,3.317,True,True
125401-92-5,Bispyribac-sodium,452.4,-1.027,0.0106,0.0,,,1.5923,39.1079,,,False,False
62625-32-5,Bromocresol green sodium salt,720.0,1.581,0.00511,0.0,1.3253,21.1493,0.9965,9.9198,,,False,True
22260-51-1,Bromocriptine mesylate,750.7,0.6293,0.00955,178.0,1.2492,17.7483,1.103,12.6769,10.028,14.04,True,True
569-61-9,C.i. basic red 9 monohydrochloride,323.8,-0.8487,0.235,3.23,0.9223,8.3598,1.1148,13.0254,2.588,4.032,True,True
13301-61-6,C.i. disperse orange 37,392.2,3.178,0.00145,0.0,0.4796,3.0164,1.4746,29.8266,,,False,True
3118-97-6,C.i. solvent orange 7,276.3,4.442,1e-06,0.0,0.7045,5.063,2.0052,101.2084,,,False,True
509-34-2,C.i. solvent red 49,442.6,6.086,0.0456,13.9,0.8872,7.7119,0.9376,8.6605,1.802,1.605,True,True
842-07-9,C.i. solvent yellow 14,248.3,3.866,0.00277,0.0,0.3987,2.5037,1.5776,37.8086,,,False,True
63449-41-2,C8-18-alkydimethylbenzyl ammonium chlorides,276.3,3.16,0.0104,63.1,1.295,19.7219,1.5605,36.3455,3.199,1.736,True,True
184653-84-7,Carabersat,357.4,3.204,0.187,0.0,1.3848,24.2521,1.0923,12.3671,,,False,True
159138-81-5,Cariporide mesylate,379.4,0.5727,0.451,0.0,1.8246,66.771,0.8881,7.7275,,,False,True
1260-17-9,Carminic acid,492.4,0.573,1e-06,88.8,1.5384,34.5483,1.371,23.4973,2.571,3.779,True,True
120-80-9,Catechol,110.1,0.8794,0.0268,42.3,1.2695,18.5984,1.6052,40.2917,2.274,1.05,True,True
56-95-1,Chlorhexidine diacetate,625.6,1.33,0.00236,0.0,1.1736,14.9118,1.1999,15.8427,,,False,True
3691-35-8,Chlorophacinone,374.8,4.064,1e-06,0.0,1.3425,22.0023,1.6992,50.0293,,,False,True
1897-45-6,Chlorothalonil,265.9,2.976,0.378,0.0,0.87,7.4125,0.9149,8.2197,,,False,True
569-57-3,Chlorotrianisene,380.9,5.725,1e-06,0.0,1.4669,29.3026,1.6006,39.8642,,,False,True
69-09-0,Chlorpromazine hydrochloride,355.3,1.32,0.0235,0.0,0.9809,9.5683,1.2623,18.2946,,,False,True
480-40-0,Chrysin,254.2,3.519,0.00263,204.0,0.9022,7.9834,1.6088,40.6288,25.552,5.021,True,True
249296-43-3,Cj-013610,489.6,0.4695,0.0645,0.0,,,0.8445,6.9887,,,False,False
637-07-0,Clofibrate,242.7,3.456,1e-06,868.0,1.5161,32.8128,2.192,155.5959,26.45,5.579,True,True
17321-77-6,Clomipramine hydrochloride,351.3,1.822,0.041,0.0,1.0813,12.0589,1.0408,10.9845,,,False,True
1702-17-6,Clopyralid,192.0,1.062,0.438,0.0,0.2589,1.8143,0.9933,9.8467,,,False,True
57754-85-5,Clopyralid-olamine,253.1,1.453,0.464,0.0,0.4771,2.9991,0.8883,7.7307,,,False,True
23593-75-1,Clotrimazole,344.8,4.8,0.00953,77.1,-0.3791,0.4168,1.5984,39.6678,184.57,1.944,True,True
50-22-6,Corticosterone,346.5,1.942,0.137,12.1,1.5542,35.825,0.9071,8.074,2.961,1.499,True,True
230954-09-3,Cp-544439,410.4,2.383,0.145,2.27,,,0.7023,5.0374,,2.219,True,False
290352-28-2,Cp-634384,341.4,3.337,0.0126,0.0,,,1.5488,35.3814,,,False,False
445295-04-5,Cp-671305,454.4,3.118,0.0414,0.0,,,0.981,9.5699,,,False,False
458-37-7,Curcumin,368.4,2.597,1e-06,297.0,1.5075,32.1754,1.6906,49.0427,9.231,6.056,True,True
120116-88-3,Cyazofamid,324.8,0.848,0.051,10.0,0.4142,2.5942,1.0652,11.6196,3.853,1.162,True,True
4449-51-8,Cyclopamine,411.6,5.248,0.0741,29.4,1.5229,33.3336,1.1878,15.4102,1.134,1.908,True,True
6055-19-2,Cyclophosphamide monohydrate,279.1,1.304,0.772,0.0,1.4441,27.8023,0.8588,7.2239,,,False,True
68359-37-5,Cyfluthrin,434.3,5.952,1e-06,23.8,1.4717,29.6299,1.2577,18.0982,1.245,1.315,True,True
57966-95-7,Cymoxanil,198.2,0.5879,0.437,32.8,1.8192,65.9468,0.9377,8.6618,2.011,3.786,True,True
427-51-0,Cyproterone acetate,416.9,3.409,0.0584,4.46,1.7318,53.9297,0.9979,9.9518,12.088,2.231,True,True
69-74-9,Cytarabine hydrochloride,279.7,-2.084,0.96,16.8,-0.0054,0.9866,1.0681,11.6962,17.011,1.436,False,True
1596-84-5,Daminozide,160.2,-1.495,0.939,2.29,1.9258,84.2954,0.9407,8.7231,36.794,3.808,True,True
139340-56-0,Darbufelone mesylate,428.6,0.5448,0.00678,0.0,1.5806,38.0713,1.2008,15.878,,,False,True
6190-65-4,Deethylatrazine,187.6,1.511,0.486,0.0,-3.3416,0.0,0.9233,8.3805,,,False,True
90823-38-4,Denatonium saccharide,507.6,0.8279,0.488,0.0,1.2313,17.033,0.74,5.4944,,,False,True
2392-39-4,Dexamethasone sodium phosphate,516.4,0.9792,0.0956,9.63,1.5035,31.8778,0.6718,4.6958,3.31,2.051,False,True
109-43-3,Dibutyl decanedioate,314.5,5.972,1e-06,134.0,1.7648,58.1761,1.928,84.7312,2.303,1.581,True,True
97-23-4,Dichlorophen,269.1,4.258,0.0045,13.2,1.2941,19.683,1.5776,37.8086,1.491,2.864,True,True
62-73-7,Dichlorvos,221.0,1.429,1e-06,86.4,2.0048,101.0999,1.9646,92.1754,1.17,1.067,True,True
35367-38-5,Diflubenzuron,310.7,3.877,0.0308,0.0,1.2464,17.6334,1.3903,24.563,,,False,True
84-69-5,Diisobutyl phthalate,278.3,4.112,0.000435,345.0,1.5711,37.245,1.6205,41.7376,9.262,8.266,True,True
131-18-0,Dipentyl phthalate,306.4,5.616,0.0986,301.0,1.5993,39.7496,1.3987,25.0408,7.573,12.02,True,True
957-51-7,Diphenamid,239.3,2.808,0.301,0.0,1.5024,31.7985,0.9222,8.3582,,,False,True
126-00-1,Diphenolic acid,286.3,3.455,0.163,0.0,1.4241,26.554,1.2916,19.5699,,,False,True
136-45-8,"Dipropyl 2,5-pyridinedicarboxylate",251.3,3.565,0.865,592.0,1.0226,10.5339,2.4336,271.3991,56.198,2.181,True,True
97-77-8,Disulfiram,296.5,3.877,0.08601,28.46,2.6518,448.5725,1.2306,17.0036,15.76,1.674,True,True
6533-00-2,Dl-norgestrel,312.5,3.067,0.0392,11.0,1.5136,32.6256,1.2332,17.1087,2.966,1.555,True,True
24169-02-6,Econazole nitrate,444.7,1.082,0.00553,6.02,0.4646,2.9137,1.0509,11.2433,2.066,1.868,True,True
361343-19-3,Elzasonan,448.4,4.692,0.0329,21.1,,,1.1616,14.5052,,1.455,True,False
124378-77-4,Enadoline,396.5,2.894,0.263,3.36,1.4215,26.3909,0.8144,6.5215,7.853,1.941,True,True
145-73-3,Endothal,186.2,1.907,0.867,0.0,1.6577,45.4612,0.7332,5.4084,,,False,True
77756-20-8,Enterolactone,298.3,2.811,0.0121,139.0,,,1.53,33.8853,,4.102,True,False
17372-87-1,Eosin,691.9,4.486,0.0524,0.0,1.1209,13.2094,0.944,8.7897,,,False,True
133855-98-8,Epoxiconazole,329.8,3.072,0.0575,0.0,-0.6905,0.203,1.1969,15.7347,,,False,True
474-86-2,Equilin,268.4,3.531,0.0583,9.74,1.548,35.3185,1.267,18.4924,3.626,1.899,True,True
52479-85-3,Exifone,278.2,1.158,1e-06,28.1,1.4907,30.9539,1.8523,71.1657,1.101,2.533,True,True
129299-90-7,Fabesetron hydrochloride,329.8,0.4345,0.0309,7.56,0.3641,2.3118,0.9377,8.662,3.269,1.146,True,True
131807-57-3,Famoxadone,374.4,4.649,0.0097,16.4,0.7522,5.6514,1.5891,38.8195,2.902,2.367,True,True
2353-45-9,Fd&c green no. 3,808.8,4.633,0.0151,0.0,1.4363,27.3089,0.9296,8.5019,,,False,True
2783-94-0,Fd&c yellow 6,452.4,1.779,1e-06,18.9,1.0194,10.4562,1.2264,16.8412,1.808,1.122,True,True
49562-28-9,Fenofibrate,360.8,4.943,0.00815,563.0,1.4875,30.7259,1.6619,45.9055,18.324,12.264,True,True
113776-20-8,Fenoxaprop-(2s)-ethyl,361.8,4.579,0.00537,723.0,,,2.0528,112.9201,,6.403,True,False
71283-80-2,Fenoxaprop-p-ethyl,361.8,4.579,0.00635,519.0,0.4999,3.1605,1.9974,99.4001,164.16,5.221,True,True
111812-58-9,"Fenpyroximate (z,e)",421.5,5.008,0.0046,16.8,0.9707,9.3458,1.2403,17.3904,1.797,1.035,True,True
101-42-8,Fenuron,164.2,0.9813,0.564,2.89,1.322,20.9907,1.1593,14.4313,7.26,4.992,True,True
69806-50-4,Fluazifop-butyl,383.4,4.5,0.00862,401.0,0.9471,8.8529,1.9136,81.9626,45.294,4.892,True,True
188489-07-8,Flufenpyr-ethyl,408.7,4.075,0.769,375.0,0.6369,4.3332,2.4004,251.4327,86.523,1.491,True,True
72178-02-0,Fomesafen,438.8,2.902,0.017,0.0,1.3828,24.1418,1.1805,15.1512,,,False,True
69806-40-2,Haloxyfop-methyl,375.7,4.07,0.00819,467.0,0.8762,7.5186,1.6697,46.7454,62.104,9.99,True,True
67485-29-4,Hydramethylnon,494.5,2.313,1e-06,4.38,0.7736,5.9362,1.2897,19.4831,1.355,4.447,False,True
52806-53-8,Hydroxyflutamide,292.2,2.7,0.166,0.0,1.2474,17.6736,1.1129,12.9666,,,False,True
630-56-8,Hydroxyprogesterone caproate,428.6,5.315,0.0175,195.0,1.7003,50.1562,1.2076,16.1265,3.888,12.091,True,True
473289-62-2,Ilepatril,432.5,2.475,0.319,5.55,,,0.6595,4.5649,,1.216,True,False
186392-65-4,Ingliforib,457.9,0.4186,0.0234,2.09,0.981,9.5699,0.7907,6.1752,4.578,2.954,True,True
125225-28-7,Ipconazole,333.9,4.208,0.0132,101.0,-0.4671,0.3401,1.5692,37.0833,296.091,2.724,True,True
25311-71-1,Isofenphos,345.4,4.117,0.0105,158.0,1.5404,34.7017,1.5585,36.1842,4.553,4.366,False,True
33820-53-0,Isopropalin,309.4,4.502,1e-06,12.5,1.271,18.6611,2.1423,138.7565,1.493,11.1,False,True
51-30-9,Isoproterenol hydrochloride,247.7,-1.184,0.609,0.0,1.1979,15.7713,1.0282,10.6694,,,False,True
34123-59-6,Isoproturon,206.3,2.686,0.258,0.0,1.4898,30.8868,1.0864,12.1991,,,False,True
59227-89-3,Laurocapram,281.5,6.109,0.00275,9.8,1.6371,43.3621,1.3952,24.8402,4.424,2.535,True,True
1166-52-5,Lauryl gallate,338.4,4.638,1e-06,0.0,1.5848,38.4392,1.7279,53.449,,,False,True
129-73-7,Leucomalachite green,330.5,5.525,1e-06,0.0,1.3751,23.72,1.946,88.3112,,,False,True
51-48-9,Levothyroxine,776.9,4.927,1e-06,0.0,1.4374,27.3794,1.0039,10.09,,,False,True
79794-75-5,Loratadine,382.9,5.197,0.00968,33.9,0.9695,9.3218,1.5043,31.9364,3.637,1.061,True,True
1634-78-2,Malaoxon,314.3,1.724,0.538,55.9,2.0488,111.8816,0.7914,6.1848,2.002,9.037,True,True
2919-66-6,Melengestrol acetate,396.5,3.327,0.0232,41.4,1.7803,60.2907,1.2728,18.7394,1.456,2.209,True,True
41394-05-2,Metamitron,202.2,0.8305,0.693,0.0,-1.3211,0.0467,1.0596,11.4692,,,False,True
100-97-0,Methenamine,140.2,-0.1649,0.352,0.0,0.9267,8.4451,0.8519,7.1088,,,False,True
16752-77-5,Methomyl,162.2,0.6005,0.716,2.05,2.2782,189.7457,0.8789,7.5649,92.52,3.689,True,True
134-20-3,Methyl 2-aminobenzoate,151.2,1.877,0.224,246.0,1.3136,20.5872,1.4417,27.6509,11.949,8.896,True,True
4707-47-5,"Methyl 2,4-dihydroxy-3,6-dimethylbenzoate",196.2,2.051,0.0335,268.0,1.8098,64.5279,1.5354,34.3043,4.153,7.812,True,True
493-52-7,Methyl red,269.3,3.345,0.0304,11.1,0.4436,2.7763,1.4727,29.6947,3.997,2.675,True,True
119-36-8,Methyl salicylate,152.1,2.547,0.107,817.0,1.5604,36.3421,1.5562,35.9929,22.481,22.698,True,True
61-73-4,Methylene blue,319.8,0.6257,0.38,13.9,0.3055,2.0196,0.8488,7.0585,6.879,1.969,True,True
90-94-8,Michler's ketone,268.4,3.869,0.00959,39.2,1.492,31.0412,1.5673,36.9248,1.263,1.062,True,True
6923-22-4,Monocrotophos,223.2,-0.1994,0.898,0.0,1.9106,81.3851,0.5292,3.3813,,,False,True
1746-81-2,Monolinuron,214.6,2.297,0.205,0.0,1.3849,24.2607,1.0995,12.5744,,,False,True
4376-18-5,Monomethyl phthalate,180.2,1.139,0.372,0.0,1.6023,40.0239,1.0174,10.4088,,,False,True
654055-01-3,Morin hydrate,338.3,1.499,1e-06,0.0,,,1.7006,50.1863,,,False,False
1214-39-7,N-benzyladenine,225.3,1.567,0.138,0.0,-2.8658,0.0004,1.0313,10.7469,,,False,True
103-69-5,N-ethylaniline,121.2,2.16,0.214,21.8,0.7182,5.225,1.4512,28.2625,4.171,1.296,True,True
872-50-4,N-methyl-2-pyrrolidone,99.13,-0.4585,0.888,0.04123,1.8411,69.3541,-0.7386,0.1816,1642.4,4.323,True,True
90-30-2,N-phenyl-1-naphthylamine,219.3,4.201,0.006962,57.9,0.4072,2.5527,1.5927,39.1423,22.672,1.479,True,True
88-12-0,N-vinyl-2-pyrrolidone,111.1,0.3681,0.953,0.0,1.6381,43.4568,0.5751,3.7582,,,False,True
63449-68-3,Naphthalen-2-yl 2-aminobenzoate,263.3,3.48,0.00653,846.0,1.0314,10.7497,1.6743,47.2337,78.699,17.911,True,True
439687-69-1,Nelivaptan,630.1,2.791,0.0608,35.3,,,1.1099,12.8793,,2.741,True,False
59-67-6,Nicotinic acid,123.1,0.358,0.594,3.54,-0.1448,0.7155,0.8586,7.2206,4.942,2.039,True,True
63612-50-0,Nilutamide,317.2,3.114,0.167,0.0,0.9956,9.8974,1.1233,13.2831,,,False,True
59-87-0,Nitrofurazone,198.1,0.2287,0.856,0.0,0.5688,3.7042,0.4168,2.6097,,,False,True
110-25-8,Oleyl sarcosine,353.5,6.151,1e-06,41.7,1.7083,51.0805,1.5813,38.132,1.225,1.094,True,True
125-13-3,Oxyphenisatin,317.3,3.339,0.0266,0.0,0.6719,4.6969,1.4545,28.4774,,,False,True
125-31-5,P-xylenol blue,410.5,4.034,0.0261,0.0,1.2609,18.2319,1.3182,20.8058,,,False,True
311-45-5,Paraoxon,275.2,1.981,0.46,0.0,1.3546,22.6271,0.8339,6.8206,,,False,True
501027-49-2,Pd-0333941,390.4,5.023,0.00409,3.4,,,1.3721,23.5537,,6.926,True,False
1114-71-2,Pebulate,203.3,3.835,1e-06,159.0,2.0308,107.3407,1.9713,93.5982,1.481,1.699,True,True
NOCAS_48505,Pharmagsid_48505,353.8,3.169,0.0135,0.0,,,1.5488,35.3814,,,False,False
460081-99-6,Pharmagsid_48510,436.4,5.009,0.0142,7.69,,,1.2144,16.3819,,2.13,True,False
57-30-7,Phenobarbital sodium,254.2,-1.405,0.247,0.0,0.602,3.9983,1.1195,13.1661,,,False,True
143-74-8,Phenol red,354.4,3.02,0.142,1.1,1.0525,11.2848,0.8941,7.8358,10.25,7.118,True,True
34487-61-1,Phenol red sodium salt,376.4,0.9263,0.0878,0.0,1.0173,10.4046,0.9139,8.2013,,,False,True
81-90-3,Phenolphthalin,320.3,2.612,0.00918,1.85,1.3872,24.3856,1.4472,28.0006,13.176,15.128,True,True
92-84-2,Phenothiazine,199.3,4.149,0.0043,0.0,0.3272,2.1232,1.6192,41.6138,,,False,True
17696-62-7,Phenylparaben,214.2,3.288,0.045,865.0,1.3561,22.7037,1.5203,33.1374,38.099,26.103,True,True
117428-22-5,Picoxystrobin,367.3,3.702,0.007216,57.1,,,1.6274,42.4041,,1.347,True,False
112529-15-4,Pioglitazone hydrochloride,392.9,-0.2365,0.0106,8.92,1.0849,12.1581,1.2631,18.3281,1.363,2.055,True,True
625114-41-2,Piragliatin,421.9,1.964,0.48,6.26,,,1.0108,10.2498,,1.637,True,False
81131-70-6,Pravastatin sodium,446.5,-0.2281,0.361,0.0,1.5332,34.1357,0.5576,3.6095,,,False,True
32809-16-8,Procymidone,284.1,3.081,0.0499,5.32,1.0831,12.1078,1.2445,17.5564,2.276,3.3,True,True
1918-16-7,Propachlor,211.7,2.182,0.345,69.7,1.4514,28.2767,1.1282,13.4323,2.465,5.189,True,True
2312-35-8,Propargite,350.5,4.999,0.0133,24.0,1.664,46.132,1.4564,28.6008,1.922,1.192,True,True
60207-90-1,Propiconazole,342.2,3.717,0.0508,17.0,-0.7544,0.175,1.2488,17.7347,96.577,1.043,False,True
181274-15-7,Propoxycarbazone-sodium,420.4,1.191,0.00891,0.0,0.8518,7.1079,1.0803,12.0312,,,False,True
121-79-9,Propyl gallate,212.2,1.8,0.0258,49.7,1.6014,39.9393,1.5283,33.75,1.244,1.473,True,True
129630-19-9,Pyraflufen-ethyl,413.2,3.491,0.435,0.0,0.795,6.2359,0.9774,9.4921,,,False,True
82640-04-8,Raloxifene hydrochloride,510.0,1.57,0.0129,43.7,1.281,19.0977,1.025,10.5911,2.288,4.126,True,True
501-36-0,Resveratrol,228.2,3.304,1e-06,62.9,1.3785,23.9049,2.1655,146.3796,2.631,2.327,True,True
989-38-8,Rhodamine 6g,479.0,1.207,1e-06,0.0,0.9034,8.0042,1.2397,17.365,,,False,True
180084-01-9,Sb236057a,571.1,4.528,0.015,4.65,,,1.2148,16.3978,,3.526,True,False
26259-45-0,Secbumeton,225.3,3.103,0.0461,6.53,-1.9615,0.0099,1.2636,18.3487,597.695,2.81,True,True
2492-26-4,Sodium 2-mercaptobenzothiolate,189.2,1.009,0.0368,41.7,0.1756,1.4972,1.4676,29.3501,27.832,1.421,True,True
824-78-2,Sodium 4-nitrophenolate,161.1,-1.518,0.17,48.1,1.0742,11.8627,1.4546,28.4843,4.055,1.689,True,True
4418-26-2,Sodium dehydroacetate,190.1,-2.545,0.062,0.0,1.6129,41.008,1.5265,33.6083,,,False,True
82385-42-0,Sodium saccharin hydrate,223.2,-2.005,0.698,0.0,0.99,9.7703,1.1148,13.0239,,,False,True
57-68-1,Sulfamethazine,278.3,0.1913,0.175,0.0,0.1363,1.3676,0.7052,5.0718,,,False,True
59-40-5,Sulfaquinoxaline,300.3,1.68,0.0037,0.0,-0.6058,0.2469,1.3836,24.1846,,,False,True
3689-24-5,Sulfotepp,322.3,3.988,0.0206,101.0,1.9653,92.3181,1.5468,35.2163,1.094,2.868,True,True
4065-45-6,Sulisobenzone,308.3,2.43,0.00942,1.05,1.5072,32.149,1.4413,27.6251,30.591,26.286,False,True
288104-79-0,Surinabant,522.3,5.451,1e-06,0.0,,,1.101,12.6183,,,False,False
335104-84-2,Tembotrione,440.8,1.926,0.0919,0.0,,,0.7113,5.1433,,,False,False
13071-79-9,Terbufos,288.4,4.478,0.0306,32.5,2.1728,148.8808,1.4089,25.6352,4.58,1.268,True,True
57-85-2,Testosterone propionate,344.5,4.102,1e-06,427.0,1.6546,45.1432,1.7954,62.4309,9.459,6.839,True,True
1176-74-5,Tetrabromophenolphthalein ethyl ester,662.0,5.769,0.0114,0.0,1.5433,34.9368,0.8746,7.4912,,,False,True
36062-04-1,Tetrahydrocurcumin,372.4,2.343,0.0501,173.0,1.6846,48.3752,1.1684,14.7368,3.576,11.739,True,True
83-67-0,Theobromine,180.2,-0.7743,0.955,396.0,-1.2763,0.0519,1.2384,17.3146,7481.631,22.87,True,True
137-26-8,Thiram,240.4,1.73,1e-06,816.0,3.1969,1573.5656,1.9566,90.4788,1.928,9.019,False,True
1156-19-0,Tolazamide,311.4,2.687,0.065,0.0,1.5389,34.5839,1.1244,13.316,,,False,True
87820-88-0,Tralkoxydim,329.4,4.461,0.169,0.0,,,0.9734,9.4058,,,False,False
189003-92-7,Trelanserin,465.6,2.729,0.0607,7.06,,,0.9002,7.9463,,1.126,True,False
24017-47-8,Triazophos,313.3,3.341,0.049,30.2,-0.8528,0.1393,1.2562,18.039,215.19,1.674,True,True
52-68-6,Trichlorfon,257.4,0.5114,0.696,31.7,1.7235,52.9079,0.9678,9.2841,1.669,3.414,True,True
112-49-2,Triethylene glycol dimethyl ether,178.2,-0.1647,0.66,0.0,1.6838,48.283,0.5568,3.6031,,,False,True
141517-21-7,Trifloxystrobin,408.4,3.474,0.0072,466.0,1.691,49.0847,1.5965,39.4863,9.493,11.801,True,True
2451-62-9,Triglycidyl isocyanurate,297.3,-0.2031,0.402,180.0,1.0448,11.0856,0.6703,4.6792,16.236,38.46,True,True
95266-40-3,Trinexapac-ethyl,252.3,0.968,0.137,3.82,,,0.9592,9.102,,2.382,True,False
101-20-2,Triclocarban,315.6,4.666,0.003883,9.45,0.7391,5.483,1.3415,21.9533,1.723,2.323,True,True
104-66-5,"1,2-diphenoxyethane",214.3,3.809,1e-06,18.51,1.1377,13.7303,1.8923,78.0318,1.348,4.215,True,True
105-13-5,(4-methoxyphenyl)methanol,138.2,1.1,0.9392,90.03,1.3905,24.576,0.9814,9.5798,3.663,9.397,True,True
106-25-2,"(2z)-3,7-dimethylocta-2,6-dien-1-ol",154.3,3.558,1e-06,1.57,1.6718,46.9646,0.9854,9.6686,29.897,6.155,True,True
1071-93-8,Hexanedihydrazide,174.2,-0.2851,0.9601,0.6018,1.4284,26.8146,0.245,1.7567,44.486,2.916,True,True
108612-45-9,Mizolastine,432.5,3.333,0.023,6.0,-0.2674,0.5393,0.9919,9.8145,11.108,1.636,True,True
111-40-0,Diethylenetriamine,103.2,-0.8286,0.9678,2.003,1.0734,11.8391,0.048,1.1159,5.909,1.794,True,True
111-76-2,2-butoxyethanol,118.2,0.828,0.8332,0.8515,1.4383,27.4316,0.9078,8.0868,32.181,9.487,True,True
124-07-2,Octanoic acid,144.2,3.049,1e-06,5.626,1.6222,41.8965,1.1085,12.8364,7.446,2.281,True,True
125116-23-6,Metconazole,319.8,3.85,0.02646,16.7,-0.5606,0.274,1.4578,28.6933,60.721,1.718,True,True
149-57-5,2-ethylhexanoic acid,144.2,2.643,0.1316,1.715,1.5699,37.1436,1.3346,21.6059,21.646,12.591,True,True
169590-42-5,Celecoxib,381.4,3.566,0.002837,25.7,0.3231,2.1034,1.5499,35.4681,12.214,1.38,True,True
2226-96-2,"4-hydroxy-2,2,6,6-tetramethylpiperidin-1-yl)oxidanyl",172.2,0.8918,1.0,10.4,1.5119,32.4988,0.8341,6.8247,3.125,1.524,True,True
2597-03-7,Phenthoate,320.4,3.69,0.02456,168.0,1.8983,79.124,1.4977,31.4571,2.123,5.34,True,True
2610-11-9,C.i. direct red 81 disodium salt,675.6,2.851,4.049e-05,1.492,0.6938,4.94,1.0819,12.0737,3.309,8.088,True,True
2943-75-1,Triethoxyoctylsilane,276.5,4.71,0.026,11.06,1.5759,37.6627,1.335,21.6255,3.405,1.955,True,True
3445-11-2,1-(2-hydroxyethyl)pyrrolidin-2-one,129.2,-0.7006,1.0,0.1559,1.6255,42.2185,-0.1567,0.6961,269.077,4.443,True,True
3913-02-8,2-butyloctan-1-ol,186.3,4.816,1.0,0.658,1.4091,25.6481,0.9841,9.6395,38.924,14.629,True,True
41481-66-7,"4,4'-sulfonylbis[2-(prop-2-en-1-yl)phenol]",330.4,2.843,0.0759,84.7,1.4854,30.5783,1.1979,15.7714,2.77,5.37,True,True
4394-85-8,4-morpholinecarboxaldehyde,115.1,-1.057,0.9528,0.4016,1.5359,34.3476,0.0569,1.1389,85.315,2.831,True,True
5232-99-5,"Ethyl 2-cyano-3,3-diphenylacrylate",277.3,2.97,0.007005,161.3,1.4715,29.6099,1.5695,37.1109,5.447,4.346,True,True
5915-41-3,Terbuthylazine,229.7,3.21,0.08238,4.1,-2.5722,0.0017,1.2501,17.7874,1531.404,4.338,True,True
6259-76-3,Hexyl salicylate,222.3,3.185,1e-06,191.4,1.5204,33.1389,2.134,136.1299,5.775,1.406,True,True
64-17-5,Ethanol,46.07,-0.3097,0.9338,3.958,0.9724,9.3833,-0.0666,0.8568,2.37,4.615,True,True
64091-91-4,4-(n-methyl-n-nitrosamino)-1-(3-pyridyl)-1-butanone,207.2,1.082,0.9647,4.538,0.7122,5.1535,0.9235,8.3837,1.136,1.847,True,True
6425-39-4,"4,4'-(oxydiethylene)bis(morpholine)",244.3,0.01817,1.0,2.573,1.6359,43.2417,0.3257,2.1158,16.799,1.216,True,True
67-63-0,Isopropanol,60.1,0.05195,0.9214,0.2182,1.097,12.5027,-0.3283,0.4685,57.037,2.142,True,True
72-33-3,Mestranol,310.4,4.15,0.04205,10.2,1.4401,27.5485,1.2595,18.1758,2.701,1.782,True,True
81-07-2,Saccharin,183.2,0.9093,0.2258,1.917,0.9905,9.7825,0.925,8.4125,5.101,4.387,True,True
88-27-7,"2,6-di-tert-butyl-4-[(dimethylamino)methyl]phenol",263.4,4.028,0.2649,1.55,1.6316,42.8139,0.9294,8.4988,27.605,5.48,True,True
91-76-9,"6-phenyl-1,3,5-triazine-2,4-diamine",187.2,1.362,0.343,1.18,-2.8744,0.0003,0.9955,9.8951,884.402,8.379,True,True
97-74-5,Tetramethylthiuram monosulfide,208.4,0.9374,0.6276,18.06,3.0927,1238.0656,0.9102,8.1318,68.542,2.221,True,True
97-78-9,N-dodecanoyl-n-methylglycine,271.4,3.792,0.003219,42.07,,,1.5776,37.8086,,1.113,True,False
5124-25-4,C.i.disperse yellow 42,369.4,4.599,1e-06,109.1,0.7272,5.3352,1.9733,94.0331,20.447,1.16,True,True
104-40-5,4-n-nonylphenol,220.4,5.757,0.0209,62.6,1.4827,30.3862,1.2871,19.3686,2.06,3.232,True,True
